cookie_id,score
ck_315fb710a0e371e7,0.0004852331332302824
ck_a76ee3b3e3e522fd,0.07847509008332189
ck_94c9a4d382689e82,0.031125496887905817
ck_8eaf9509ad9462a0,0.0011172859758450096
ck_9a88a5a989cb5bc6,0.015009335952061156
ck_15239ef0689c1a35,0.031142195163051663
ck_8de69cd219d3b87f,0.4010632718079718
ck_f92cd37022b0ce21,0.02108686393157988
ck_1a3ff7620580a514,0.0040384091468811615
ck_397c03aa33a57310,0.263526661456222
ck_a7cf6c3b322f6b7a,0.003513419582463054
ck_c39a9e75760e3201,0.0021498809499486183
ck_88ab6d245228c38e,0.000723063897320937
ck_17733f75ebdea93e,0.013544998669133161
ck_58eb871e8d7bed52,0.00826249395161868
ck_e55b7fa67db1ec27,0.0016109569675435086
ck_62f5cfe22c952694,0.0028720366014708043
ck_7fbb709a0fe95759,0.0029221703254642957
ck_87abe9cd066a20fb,0.048140945174485916
ck_d58e058b5c553dd5,0.008627195381129313
ck_d27b872648b71202,0.005747899937117458
ck_4b4a3c5b95c55b43,0.000551134379344573
ck_66dd4f4b4127256d,0.0007642878608315017
ck_93cc12703b500613,0.02939089390650636
ck_d28806a2179092eb,0.9985784324845259
ck_0595c2a0c7881e05,0.0014437395857276533
ck_50087d8666191144,0.3338113552347077
ck_b08b3f089138c901,0.008008179541438195
ck_fe3b67041dad2dd1,0.0006792286127308179
ck_8449a28f7d475d93,0.046089357582144726
ck_8642e3b6d84f49d3,0.02003061942241214
ck_e49b5e4f2f2e79db,0.38325986765677844
ck_437afe412ea4259c,0.02328910484526374
ck_569b83668d74042d,0.05293335456243608
ck_233a487d31c3e631,0.9970480103186637
ck_1fca72e03143a645,0.9821235320733183
ck_79205e31223df2ad,0.22583557717997302
ck_9625a64406ea16e3,0.0018265769183908656
ck_079bd18dacb704a8,0.6078885318447182
ck_4db6d4fd2b49aa81,0.01705908401270503
ck_0dbefdac0a1868fb,0.0007458794690982957
ck_24ff97ad90bdd69a,0.025455388082367598
ck_77f8c5042065d506,0.008375684514068671
ck_f11be8ce05382cec,0.03214060884366167
ck_c9d72140b0389216,0.027051641604997748
ck_69eda24e931fb36a,0.0008050790390904422
ck_ed471e496916ee15,0.008395533968903286
ck_ff090498c4b17ac3,0.003461270553215584
ck_c3c19d6a0720915c,0.0026555984795416784
ck_af02e1817cfa40b5,0.005853789296736792
ck_2df5a9fc87553eb1,0.005064410517774723
ck_4ac918e884cff336,0.011999969865905269
ck_ca149244b54ef3ad,0.00039825641730309317
ck_6babe5b8674ff51f,0.005426579874182632
ck_1573878386886290,0.002231300057930289
ck_3925f8565abb7fe4,0.009140638342657593
ck_c4de808ae69c771f,0.00039621111199421885
ck_a777c813551281fe,0.0011022126544824992
ck_df4424f6dd85080d,0.07045507516490228
ck_85e5494ec20383ae,0.030773984997582736
ck_f71a4094e889c3af,0.0023115161086070795
ck_f2f3cf9cd23b2809,0.033329452387556115
ck_18e2076397bcc211,0.09227510500572454
ck_c9f9fddef39bc664,0.04958540427557939
ck_7e826e233d6ea028,0.003758825840182732
ck_62fd7eb46bee9210,0.005659522980301004
ck_206f8e3cd72768f3,0.028089976647958197
ck_aa295a11b0a6ab36,0.00570656845059245
ck_9a56739d81f84a53,0.02238632327070141
ck_aa075c418ed9fe5a,0.008734566753570051
ck_62b9fb3db284941b,0.0018885932926727862
ck_f4f83b1403ebea46,0.008710762966563534
ck_16b66bd803288bc3,0.22216295172460968
ck_c4ca1434f3778f1d,0.9929917962061826
ck_1b823610371a29c0,0.012189715699280962
ck_c2bd5a722aa637d9,0.0006507854360866919
ck_7890208951df34f0,0.036616532448162695
ck_020eb0e454524ecd,0.003866423619824322
ck_3b66196ccf436c35,0.005285614615372874
ck_109fc467ec0a4af5,0.06181139549938463
ck_f3dcd818db92de7b,0.006574555058648872
ck_31e7742f160980ef,0.018689995880662218
ck_77fce5f86f00b8f4,0.34722386184300413
ck_46bc797b4d07d607,0.0008423344590490032
ck_37899b1b571b1c6b,0.03128323850618966
ck_ef8a6af43fedd464,0.0018989548133641924
ck_bcc8519fe8521038,0.00953376768177347
ck_90696b7182dd9129,0.006817304296541809
ck_4a24ad61d017e1ba,0.026656962504822586
ck_0acc3d8c67218b9d,0.0019783247078662067
ck_05c97fc9de11aba6,0.21040917404018267
ck_f8ac3a0500c0ec62,0.004022114200224279
ck_617b65141f546a1c,0.0021420820530617356
ck_9d00823bf60388d7,0.018996252622020104
ck_123c15d93f1840f2,0.04267508124552157
ck_573feefba6bf78bb,0.0748696095164561
ck_b25657bd16739036,0.013631628226044624
ck_bd26d2bef14a8597,0.011913847206488214
ck_a553418f2fba1440,0.004422412953910992
ck_89f3e380b0686963,0.0015454315949559232
ck_b359192aa659bdce,0.009062074165624177
ck_02241f3dc301bebf,0.012003154044708506
ck_5ccc1a1c78cb33ee,0.03539043311367127
ck_349cc5edda1b8853,0.01683798536674183
ck_e9f228845bf6e28b,0.061560617577531354
ck_0a45d033d4e280ea,0.015701693893286458
ck_7e63168dda612235,0.0037644397630340553
ck_676fa5f6aae5475b,0.0010373325992990192
ck_74b502b20690ccfe,0.003909066392873821
ck_073509af21dd7f5f,0.2908494139200126
ck_498a0acd450944d8,0.001256015045091004
ck_7f15b50b29dead01,0.20183306908103302
ck_8089fe7403c5f537,0.013871948673462187
ck_05b2b04e11d9ae9c,0.03870357040311783
ck_31e70f2f04b48b88,0.0007860087160045383
ck_994316fa5a02b319,0.0014199126349200345
ck_b76510998b9a2260,0.013803555580864948
ck_4db95c310e105d30,0.00042988659732593745
ck_6f730b77dc6cdb84,0.0029634464566592
ck_2493ee8e7b91d304,0.010736894571482984
ck_92d679d6ac7dcdcb,0.1679149293139445
ck_3a0e0200cbb185cb,0.0038747480406591205
ck_0b2eeb4e00ff7955,0.04068797847500534
ck_9843d0e61c37ebe8,0.9989543287193136
ck_e61c8721e3ef1921,0.006373923438784445
ck_2e0eedaaf2980c2c,0.0024966650859758596
ck_9036b2e5e9298a34,0.004855728641914871
ck_3265442528d51728,0.003869959399517521
ck_f2ddae2eb1cb29b4,0.02482094288729126
ck_6cfa71d27fc27f92,0.012902309225539322
ck_f3199fbe84a28b9a,0.015673195072763702
ck_b78d785ca3ef773a,0.004219434078331117
ck_374865697f1480eb,0.011874278614360434
ck_06d0e4a9189302a9,0.012962840212705933
ck_9c9884b9bcaa552e,0.09121735169667573
ck_fd4cf578e87703ff,0.030262009404932323
ck_1917ef3e6e345549,0.12264411993495819
ck_e70418b00cbbbac9,0.012663118308970017
ck_a60388296a47062c,0.02321819049110863
ck_d598fe8d2c779ab9,0.007138359677013794
ck_646dc03de4c31803,0.7435492853068536
ck_e4fd8cbd842b6993,0.042940900612920406
ck_2225b555aa2a42ed,0.005256337389787203
ck_6be8ae9d78148882,0.009955814007606279
ck_4199342d3aca74e8,0.06199912507841485
ck_779581adb573261f,0.0026475163454807945
ck_bb303568b6915205,0.1800233728068945
ck_17c4296276448afe,0.005525965358151041
ck_a60a61ac829252a0,0.0007874084111707673
ck_6ea70950c1cae00b,0.8703972478486623
ck_1abb93f6924645e1,0.014923715669857979
ck_faab769cce19879a,0.016968861674703434
ck_d5b8e74e7ca6355a,0.007138362502391476
ck_f11f7691af16ad07,0.00105396032110865
ck_188fdf2be7c92e9d,0.999192402777335
ck_4a103f8254b366f7,0.005453904379571236
ck_bfa17a0b1760e616,0.0006088678613556175
ck_a4d7f6a5869d440a,0.9673749301821627
ck_58e20f5a3e7f11b8,0.504557839438187
ck_4becdd3d2696c7ba,0.005146752483177972
ck_dad5cf32ab9f243f,0.002073090678324409
ck_7d9f73dc7c4f90c3,0.09850304026911398
ck_c19371047a2d011d,0.005410214212229421
ck_247589ff532f7aa8,0.0028257664432471074
ck_7a9f241d5f082567,0.002282945926648726
ck_0a2b7078736b4dda,0.0033690855018771015
ck_687b412e2aac7eb6,0.009218408388142614
ck_fce0b6855886a0b8,0.0039430419732637235
ck_e291cc60920456d0,0.6768707270561031
ck_04219a7ea798db51,0.015957406909669517
ck_286bfd719836e9f3,0.15276251800869314
ck_55efc92394fee232,0.006870990861980815
ck_e36c8da1bd359960,0.02584416423807048
ck_34b0988a97d96902,0.008060999375841652
ck_e0fb11fc9dcb34e6,0.0036122029900742298
ck_bcc9cbc9ed8b7c31,0.008389282308126573
ck_3df8da6f60a89a5b,0.016198871022751363
ck_b1495ee5c59a6b28,0.02214868897807956
ck_58f4c3ac61fda129,0.046636876028049924
ck_735f244b99e3aa8d,0.008972631121529278
ck_6b93bd8abf87b1d6,0.8394428271828507
ck_12107dacc6d05bd1,0.0003573108940381743
ck_f96db2a1f3448d1f,0.011583416341016168
ck_8fd91a3c99e19097,0.005967430989291256
ck_910205d25388a0ae,0.0006373716623369368
ck_d229dfa0e4442628,0.0005953974685479694
ck_7cdec61e1c488798,0.14394578643620914
ck_f66f06e24ff32671,0.016616634563533444
ck_350bf14e90b503f5,0.010758303056447361
ck_61fff5fdaadd394b,0.006224790408591269
ck_e934f984bad2ff91,0.1653000269945701
ck_ff6a6d3547dd2d37,0.01896065159556785
ck_65ad9b15979e3247,0.008364661261541331
ck_bbe1a2ea5a403ad8,0.8933444657334331
ck_6f3a28eecd2c4031,0.028262731681654187
ck_a89b66665714058f,0.0033588618272160473
ck_918c92182b6817cd,0.011999519099941538
ck_64f5eb4be9e7b8fa,0.033769506234688
ck_d021fd497ea35fb2,0.008394088570881315
ck_004de16f7d8a42ae,0.015326585233575015
ck_a33d2325f86ab12d,0.0022180095732652803
ck_89790ff26c844bc6,0.008438817825743775
ck_e6e7257377c37b28,0.06223659653673709
ck_a2cc3910a641a808,0.64056824598599
ck_646e270e0195bf05,0.026636621197109023
ck_baba5d66def0d770,0.13779663399469894
ck_67cdcdda3033842d,0.04048053963535608
ck_b5c3075c811a2216,0.013799522944270242
ck_515379973a8044b8,0.0018114321499172652
ck_c0ce85fb4109567d,0.03417459176499849
ck_fef850553862aaca,0.0013141780822424048
ck_55d7217b0aff9fa2,0.0013622008328191817
ck_8e139f8925ef7968,0.006927328888377887
ck_9e35b908fca1e4d7,0.0010010307685967264
ck_59735f4ab2ad3da5,0.012696819548682691
ck_dc569c1167ccec0d,0.6355716047263156
ck_1dade5592f90a15c,0.031699792255540656
ck_793048d11fb8b328,0.3199591318881406
ck_545b71eb4fa594b5,0.0014828939204423982
ck_bd30853e9a57b544,0.02353829566361262
ck_59f46321ecf6d306,0.015148274540474916
ck_260cfe9141d249f1,0.2926423981184747
ck_3365a0ad1a8aa83c,0.0017802521998984615
ck_b0ef193195a2138b,0.0069268658983883055
ck_0f909705e2e60f2f,0.0023205719848591756
ck_5a540b75c866166a,0.017320099192483507
ck_87c26b2f41025109,0.9884821950368979
ck_27acc9f320cda104,0.6944660891144206
ck_a27bc31eecd9cb9a,0.007147392060763811
ck_115d86fabde77b65,0.0006262466726271155
ck_eeca179341d56f8a,0.48397751204237166
ck_8e5999c436cf037e,0.0009616870162070237
ck_510e7c5df1f95d90,0.9316737108273027
ck_f1acf73363925958,0.0070587576609719045
ck_3c177f5970b68bd3,0.012547920240888022
ck_9cdfaa1c30cc9d32,0.0010507802836742471
ck_c8efa1538b37c359,0.011820739119220887
ck_a8a2e296f9804bd7,0.021726345332678934
ck_91a0ca45f429568d,0.041260313570883556
ck_5fdf8a0bdbd3ed62,0.014728723724718312
ck_0f4e2ec66d50da5f,0.0010760950691314206
ck_28c53b214b2ee882,0.21284687911249522
ck_003148504557f720,0.12549544031808538
ck_01d840cffb870615,0.448685043585729
ck_555848d51f4b5f35,0.06134230669001137
ck_df20cc23b8fb8e22,0.017091272586650736
ck_f9604adde929beff,0.0007975623064867953
ck_d66952b03591bdec,0.002696700222793249
ck_ddcac1ab765ff61a,0.010180950721336136
ck_347386629d96c664,0.007034312762775906
ck_ab01db9117acfe3d,0.015887957670961753
ck_58e5359efc52e0ad,0.0038731738907012126
ck_1a524b5cc8da71b3,0.030307394874269283
ck_e9287b6d909d731f,0.0027919903442256313
ck_bb41a66e3d90263b,0.02682382556765074
ck_e95c8cc1864bd584,0.0066421393825109
ck_7a3f2961e9a8b6dc,0.01124420853416848
ck_378a9df82b1e0bee,0.1217587454550111
ck_42633573639a3f02,0.9891093527429782
ck_2a5a4c18c2c7274b,0.011614863597264357
ck_77549c1a41f837c3,0.031875746859778016
ck_a26704b5b26258b7,0.007533990674168909
ck_9874ad160efddf50,0.01339715994420962
ck_9111e3a04b14dfba,0.008110690818561191
ck_651e076ee43aea85,0.022880283272706494
ck_391639c0f13932f3,0.0009036456306991873
ck_02dbabda93c8c13d,0.021726345332678934
ck_0adcb1fffcb0a34b,0.008875463988466519
ck_7a43ef9c7b1c67b5,0.0007629521091266329
ck_4b9dd69946438d0b,0.0061021580089135555
ck_90bf017cdd37b66e,0.03949949526307084
ck_61c74163eb36556e,0.004623676038360079
ck_13376c59b5bd6943,0.0026663947816857867
ck_62337eccb1672737,0.0035012260380799538
ck_16077934338472bf,0.0018610288642613604
ck_0d4dfd93086e7330,0.0011444278710953902
ck_3865b7525b910893,0.011135781286015231
ck_7e2ae8b69ebd5675,0.003032608307604296
ck_b4384b6c11766ce7,0.00598689676773666
ck_3d7fa32dfb9fc692,0.02842187424496004
ck_f4a6a7cadd6e0603,0.07893067991949931
ck_212525e2828a6c45,0.004216887626323498
ck_33ad8d53394ba77a,0.3519375055154552
ck_a5051eafe8b51224,0.021670988260009693
ck_f65e5ff7da565f91,0.003773323444244072
ck_5c37f7563fa7591d,0.005619426878117729
ck_f1e0a006068aff29,0.053815182797525785
ck_c646cdead6fb79d0,0.004225535618945129
ck_f8b3cdffef535330,0.18056074767013314
ck_e5cdbe3aa12c97f6,0.004122829436372287
ck_986e4e61440506d0,0.03579389283168541
ck_6da9c5912e15d9a8,0.0010576550616917934
ck_51d842e6dae74c71,0.0062615518566138196
ck_5fc65c24e0736d5d,0.6119433097397711
ck_babb95a76c69509d,0.09036168786068773
ck_86a2d852a9715432,0.0038910140004386894
ck_db4083a0d043def8,0.13757889488809041
ck_96953b8945b7d403,0.004998833385471767
ck_7831ca5c31fb3859,0.21087880249367075
ck_60ac5e5f375daa38,0.002959324373377408
ck_05d44eb1f5f085ce,0.012201028279223917
ck_432cc19c7eeaa46e,0.017372127230048454
ck_7fc513033af061af,0.04072071968652589
ck_ada6ede84c111719,0.0044269767522876384
ck_6343e0d3b1c2962b,0.02329648154429351
ck_010264ae04f2e902,0.14782561757842247
ck_e9dcf535f8c289eb,0.051575472887318945
ck_37143d9cc296e6fa,0.003015058325438046
ck_61fa051192f3e810,0.013530227189658664
ck_f9f93d1d41be1468,0.32303702247106714
ck_c4f4f28457be8a74,0.0018013373562355756
ck_323a71f9452d21cb,0.38967583155894286
ck_170f4688e0acd875,0.3578996420237852
ck_869b1878d09d230d,0.11100851256628902
ck_2f6b33bf46976229,0.025702399513418992
ck_b11e22e75d9b99de,0.0010799285598368051
ck_123d75ffb75b606d,0.0016791483282526248
ck_94295287a04c85d2,0.1668961278503565
ck_1b0434f096795328,0.0003845799598504718
ck_0a4e191cd0a57ce1,0.0015612529120638526
ck_d2fbd0df99634676,0.018242587673693553
ck_d51df5e9fbbbcc94,0.009199122379916972
ck_2d3d7d64a6f443f8,0.007801880998132745
ck_731943c682c9394e,0.0018683630940449756
ck_5ccc0c94e5e1f849,0.008228478518896475
ck_c3476080516db25d,0.009540172896039797
ck_5010ffb1c94187b5,0.0011894533479257098
ck_7ef666d67bc70223,0.009400218187517432
ck_c1b493527224a27a,0.004834590859249364
ck_5d1e25d7acc5af9a,0.01600634309640399
ck_ec30b61cbf517db8,0.0016197647772071598
ck_79323eb5d2e5efae,0.0032467617582969976
ck_4085cd3bf2661518,0.013522163724826923
ck_2ca91214c357c072,0.2202549002596825
ck_7f3132d6be389657,0.017751026753026956
ck_e7a6b925c8f39a85,0.01379614519570865
ck_c886adec7bac250a,0.024927783149012776
ck_c3f360c2d0ea0a37,0.01043169210427926
ck_a7acd5b015823793,0.011936926670937226
ck_9d64187c0800f84e,0.006471583586660581
ck_5d4ed73b9efd7d11,0.03037330343239293
ck_874eca6776b34dec,0.0011146095769688728
ck_96a9221a87be93c3,0.02689431844751981
ck_68dd79a51eabf5e6,0.06186439897723669
ck_8311cb6755b2016c,0.0010816640568015806
ck_16fc77b2bcf5ec03,0.9856826750580129
ck_ad9e2088a33c8c72,0.0009960960290426135
ck_7176bbc97b1e42a1,0.0020570762455337965
ck_80dfa54b30f65fff,0.7069938169400223
ck_31c54d540b128843,0.0021009951831917188
ck_43ea894480567274,0.025928324208797746
ck_9c9e8a38bd5a6c88,0.010245857990969108
ck_1c2dcae19539e148,0.020520952607987482
ck_b0fa8b84e94d8ae0,0.013005508966453248
ck_4ceb43ccd0a81c2f,0.004830885532189554
ck_ba845332b730b596,0.0008188436895346472
ck_73d3e8c6077f61e6,0.2161844797401083
ck_b5d0d223ef56473f,0.007251316095815761
ck_949f08f8e80e93ea,0.0011430178157323754
ck_73de0b49709e5f8c,0.0014731512136643488
ck_b5935e9722a39819,0.05619471999809218
ck_96247fee0eb44420,0.0075082044351937735
ck_a6def1e4b2d57e0d,0.019101666885919483
ck_aecdc5a96321a2d8,0.026399441677260778
ck_bc61c59970f8de49,0.023329146597244183
ck_c43b4175fc9ac5bd,0.5792314152339839
ck_8ff7a9b23a55fd62,0.0068564548488884184
ck_20c99b645f462449,0.003778053730184137
ck_a5ce2ae36fb410d9,0.0019322422919976214
ck_96fb9bf556842bbc,0.006787771679012672
ck_b5e4c6dbbed1b773,0.010180950721336136
ck_2085433978e72ea9,0.05091772699594236
ck_2c6b174b063ec637,0.021726345332678934
ck_b20b81b88dabe28d,0.002510706128091031
ck_243c18dbf150831c,0.0015105677710006366
ck_2bb6a17e8eee35cc,0.017846659708165777
ck_66147fb994495396,0.6672093349355721
ck_73f124f075ede0fc,0.006374307922275074
ck_2e315f1b1e533dab,0.009898453236819144
ck_16c7bf94ed3e7a6f,0.0002927674896615543
ck_4a0eae220a762ac5,0.017841117947604755
ck_dc16f939c2f44ad8,0.08548023822490657
ck_817926b449754917,0.03182038848301031
ck_0c0dde42ab64ef87,0.055651920018300834
ck_cb3a40594da6a2ee,0.012520548915977611
ck_d0dc156441fcfdcb,0.016954332461012248
ck_66f0945add423e9e,0.003091577050926784
ck_a74f6a3030f5d495,0.01374765893075818
ck_1ae460f331e49ae2,0.04158066552142742
ck_2d177b2f4f0b40c9,0.241340495143861
ck_92e474e4368c4791,0.013847523156466712
ck_3dee83fa2d109484,0.0004919982874685466
ck_80e5ea27848069fe,0.007160485096356422
ck_ed0c4a83701ca230,0.028879874505559327
ck_0b8b7c5c581fd161,0.0008248764735441251
ck_60bf8a2870956fb1,0.021726345332678934
ck_73a54b56a2bf35fe,0.8366792301534576
ck_2296d7a563424883,0.00674723642179335
ck_bc19c383560c7477,0.008740162908568024
ck_861d8e3d88f1079e,0.09096901640151224
ck_3f090fc96c24eb28,0.0006747281874040547
ck_9a6a1f8102febfca,0.01316652623463947
ck_541b6ad5d2fa5a39,0.0050601855410716936
ck_a760d38d1bc4de97,0.001026034100967155
ck_7dca4d7ee10b4eeb,0.0010629295837820743
ck_15220e78d1545e40,0.00815486180067912
ck_ca24bb0de508efb0,0.006523110612509037
ck_56b389627d8f02c5,0.9919754868832682
ck_48a6754977a44db0,0.0021915864354810047
ck_333a43ec339a04cb,0.028911727676094845
ck_f22aacaf86a65d7e,0.09971972794742007
ck_04bd8a1ffaf3ffd8,0.0021102561360154615
ck_2737a72de6b700f3,0.20546451219706205
ck_c35e03b0dd0c3454,0.009979482700307334
ck_e0571312f395cd94,0.014864093532539927
ck_09fab6b9825001b2,0.002486713637099134
ck_18c3a095606209e8,0.01700617561841226
ck_2a97db9377d01e36,0.0020498940875389032
ck_f29dbbfdd2786bd1,0.007512281131992721
ck_35d6c510ad29362e,0.04991292352362913
ck_5468fa99c945d785,0.010251088822340274
ck_6f8102f62c876cc9,0.034644322586989754
ck_91955aab3424ad16,0.003374350684537166
ck_9a43c0c73a39d759,0.004427732812945661
ck_60b023af6d1e30bf,0.8402668195378378
ck_9704c5cf8659cedc,0.017809524695187363
ck_7e5f02b51b9f78bf,0.019911796495332514
ck_7d3a88d1aa649708,0.8604460259297705
ck_8250eddc1ecb07a0,0.039559666811386236
ck_d979ef95ee44023d,0.026652014790720643
ck_5e5461dac83531ac,0.006483521304533518
ck_d1bb8890081e0a31,0.0010512160858305152
ck_32246c62640648d9,0.0006412233457278963
ck_77a40c7d2f862a32,0.016631355094780767
ck_1c8b94efe9238f5b,0.001145500335770614
ck_eaf3b6d11bc3cb11,0.0018640655484428153
ck_a4a7ef3ad799c380,0.0030420610872618774
ck_d5bd8f68da073cd8,0.06350019559401689
ck_6e6258227fc8db7f,0.000235983785796834
ck_c35d444e05799db6,0.00879355308416599
ck_74665e1209140ae8,0.013469700183033182
ck_353a272478f7e903,0.00384799779019947
ck_a2c9796ea229a4e2,0.002758376952332168
ck_e0171f91cb3411fe,0.03659802794577139
ck_703499f5410280f7,0.0004244172202676635
ck_ae3a763997f8f385,0.020571392260109577
ck_f7ff94c3df5ac874,0.004473781490794552
ck_f3c16d8f747db046,0.2292726379989871
ck_7ef019ed77276496,0.0012512306557996887
ck_d6a4faadab58a3de,0.008199943347650038
ck_ba7b78d31d74c794,0.027433463095023362
ck_36287d063350ce9d,0.00405677086361536
ck_5177fc7137ff26ce,0.00670031770247448
ck_dfd4e79aaa967b63,0.0023295211245572068
ck_fb44d15fb93a7157,0.015614420666282736
ck_fca478361870a4ca,0.001599202220883678
ck_e57b94fe57341058,0.02143008842361244
ck_5448c946cc4758fe,0.005397316326372615
ck_c5ece5ffb8800ad4,0.007408801723932671
ck_11cb98211b2ed134,0.6555543242496473
ck_f655399ac75c4450,0.008237010209627344
ck_c817259019588d30,0.024573258602439214
ck_8740a14d8096c6e1,0.03446528794775845
ck_0c5ba86f4e05b38d,0.01106520610002013
ck_ccc917533d4b73d4,0.007369508283435156
ck_9eb80edfa43203de,0.0048456529498530805
ck_d1a1cf4cf61d6801,0.019825130895144732
ck_b17c239f160e6017,0.0035348779785277125
ck_410c3e13b48e0415,0.000822402569767088
ck_ab553954435e8854,0.9482453824698868
ck_bdbb4230c91e1604,0.005807892617696379
ck_8fd4937eadd64fb6,0.0018719069701404031
ck_e0e90b196bef3c11,0.0018907405045148192
ck_3dc4d464386f0eb2,0.26450111793610964
ck_51bbbf8f8e8ad005,0.9991413022361736
ck_c05737ab74cf03c6,0.06938987588146664
ck_dceabbe04d99afc2,0.0007930732512477715
ck_5b86fd14e85bc9c7,0.8042778775087566
ck_d4febf0083800424,0.002694562347023519
ck_77d9f86dcf251739,0.006948670452780145
ck_b4dcebc543deaafb,0.05593562736903564
ck_cb856e75c949b0cc,0.00043432644898748355
ck_61b067de8ffc1ca1,0.03260254130065862
ck_c0e8560ccfd9dd9d,0.0012890569578851677
ck_173e1198c341087b,0.0055722653050427244
ck_b4d55bc809000276,0.04207142704385935
ck_839bf139296b5cea,0.029712976985077376
ck_78cd402a2a4f2e35,0.0008452303307280314
ck_c2925c50ebacbdba,0.0020771850113319727
ck_5e3bc76eddbdb0a6,0.0007854647607899294
ck_b7793edca26fc512,0.01485631342229201
ck_d79bdf04d6f31cd5,0.0010924472501903206
ck_4b97d19ed946f503,0.004846454339865958
ck_37139b41c5370523,0.02939089390650636
ck_8c346eeefa9ce692,0.052550886472547804
ck_2ab7eddee2d8c49e,0.0044583671409057545
ck_29da59ea3bffb9d8,0.2475203624552524
ck_c1d05ef0ec6e4be7,0.006409357133514001
ck_3882423b449f6291,0.9286598131017673
ck_5647030283171ed5,0.8370540032379048
ck_efbdcd9c181e72ca,0.002242846508813759
ck_192fdad892782daf,0.15474934644807964
ck_0bf2e13b9f2601ac,0.028329963864822786
ck_3d6046a533057795,0.003393351921314833
ck_279a1d3a3836e5cc,0.06269957151636806
ck_c375e929becde422,0.0016670895345489323
ck_a59e90219939a1f0,0.0018667620823193548
ck_4e9fba1ec54c3ff8,0.007587441607527407
ck_bcbd8588a13f5eef,0.00033176272567081406
ck_5f9a7ff990341bdd,0.00028504142682611307
ck_e0403d507519b7d2,0.003382122238891571
ck_c9490cb61aff5112,0.01095539422709506
ck_41dd44308e6a665a,0.12593090147882036
ck_76c23726cd7ca947,0.0036142694944160674
ck_9be551300209fa83,0.005382199141313206
ck_a98848eec6c9581e,0.0066492693197779534
ck_61176dafb33b2d8a,0.5883034622637607
ck_92de019e05971ce3,0.006557340495984686
ck_5d644224135d7c65,0.00847897459589971
ck_c767fc454fa215d0,0.0015384045259919958
ck_5df85a8924e11f27,0.08880110767504983
ck_da2729307af06ed5,0.03813988578259983
ck_7c6b577174af7a78,0.006358532575258288
ck_893b8afbe11301e1,0.002887410875428307
ck_e06f6fed020ae014,0.005301298418406362
ck_386680372fb54857,0.0013088833311619662
ck_7a7f3c4fe0c9d2ca,0.0016277606262798674
ck_f908b527c4db422d,0.024824495879676837
ck_ec2eee6a133e9a6f,0.015978586553504107
ck_d98934f9fe0b02b3,0.0027430911293562805
ck_398a1ed77b0130e5,0.012647049920212063
ck_d960af7a55b892b1,0.006376458604234378
ck_4637e54a9f79e2e7,0.0006036754763999293
ck_02b9f418524f6650,0.006904221447789082
ck_d4b23804cebb045d,0.02252320092009956
ck_35b1939c48182a9a,0.005427167767831176
ck_2dcbb71e39d64305,0.02267481302609882
ck_47a884dec960ff2d,0.006298788085393417
ck_71fd8c346fde5cca,0.03855255414092501
ck_98e1992ac8e7d2de,0.011776201518361978
ck_ae7780327e210522,0.005111858616519141
ck_e6c584b4b1ad6d9d,0.01846198007510987
ck_344b2e326a6c3dcc,0.00037480264912549623
ck_9aa899a5230b0963,0.09661940762285616
ck_e48d14d5b70ef5aa,0.005666166940545612
ck_59d380a0973b3951,0.020623238601295116
ck_11318f7c041a5ba9,0.00297714997376662
ck_7061786fe2f22f5a,0.008672499109244338
ck_e77529651c416cf7,0.008116736137439053
ck_7f79878197340435,0.007793289464195715
ck_b0a0fb0ee9ebf106,0.0015716536350197142
ck_70c7679199776a90,0.009166129694314623
ck_b9facd2210daca5c,0.31813092818877253
ck_9949f53c155b8dde,0.0071106159993035165
ck_1c607e24f2c4397a,0.04680540749362699
ck_aefd1ce3ce093cbd,0.0009171456531640523
ck_5a29b7018e43280c,0.001199316014924678
ck_69eb0b2ccfbe5f95,0.005009186158806756
ck_fe037765aa465c58,0.005982876909175654
ck_5e512ef5362a3dd6,0.014662902475727926
ck_544a9e80b7fdc279,0.0007133107605459589
ck_7825494e654d5695,0.0043642563205697005
ck_f1f2c3c623553f0d,0.000345655029845507
ck_52730906e5b461eb,0.9113733405877243
ck_01e0689157fe9617,0.05918394584944599
ck_9da82e567074da9d,0.0046487586971697865
ck_6a17384072f904c0,0.027910465189632614
ck_8d84d771a21942a7,0.0007022856777377247
ck_39638880292782a7,0.010463558105597142
ck_7d51c86e0eec72ac,0.021578275692622922
ck_45f4c821c70d134f,0.455666424253256
ck_0af3c13ba56ce57c,0.0042265781046846385
ck_0789a05e061b2784,0.23474447094837178
ck_6ba091eb42ffa9fb,0.056559249310832296
ck_265accb3c5c32620,0.14968507133299788
ck_179039559ff7566c,0.021726345332678934
ck_17c0a6a92b5765cf,0.010350567636914554
ck_59371c9140239fd7,0.012678244605841788
ck_f9c4f8b4ce2691f0,0.011688487168110002
ck_a2637e4872cf4811,0.12624095088402046
ck_1de43fd6c6c22a5f,0.08784760004287545
ck_6e4f31bd108571f0,0.0029643885461180055
ck_da06d97db0b18851,0.0028318863692297046
ck_e0346d5081e640e8,0.010629269980086158
ck_c1c7d4e62c9fcded,0.0741936731204925
ck_2595669e421299f6,0.021429940330329647
ck_3b6057d51fd4c7d6,0.08077405665457184
ck_c5f8ab515840a0fe,0.020529005354351083
ck_435cb24538c6f77c,0.016339158131278675
ck_d84b5403da4cea7b,0.015608535232934586
ck_c2b61a98d1c8f6dd,0.8101160461918834
ck_c9dcd92b2f836b61,0.3682095732697295
ck_9eb5b3f5f672c2b1,0.0020406199941574747
ck_e4cf189a8d31649a,0.0018667620823193548
ck_6b114f2a48152b96,0.0004888342434595345
ck_3fb95862b70f505c,0.02252893871126512
ck_7f780f465c29398e,0.01068888834133493
ck_ee387f9da79e67ea,0.021804260066625895
ck_fa3b1e85d27af2ee,0.024930194238202173
ck_e739eaaa7a1822f2,0.027818762317000527
ck_dfa0ac11fcb1dabd,0.0012626703958014158
ck_6e8751b571ea54d1,0.011017054987830843
ck_2d695f8358383092,0.012012398353307458
ck_e7dce27edb700f27,0.004426997748151118
ck_e322da8b213eab52,0.0007022006722493512
ck_d0b32e039abb8200,0.0005088091606029523
ck_b354003302b272ca,0.007543692261879596
ck_f7485cba392bc294,0.10524410005394313
ck_d6a290ff8362c7b9,0.046699309964770265
ck_c56a44fe315c0389,0.007724628219550462
ck_f77dfe6512eae322,0.022729140622721616
ck_35fe969c58b9e70b,0.04323287532171458
ck_4c518637db2322d5,0.048443609851901846
ck_cb61902798ecc4fd,0.05829553266749389
ck_56e6cfa32156a916,0.0018667620823193548
ck_343e6ed2b9d35c01,0.0008944290637068918
ck_51440f64f7250ad7,0.013221174461441162
ck_295bca29c34cfe2e,0.05907575302485921
ck_dd30558576b45e7b,0.003469559394730387
ck_3a30132a57181fe3,0.013764255779597116
ck_4a733aeb833406f4,0.002582523183704938
ck_1b0b7c3d35ab1259,0.0075695673491462025
ck_962c3bbf27cd4b80,0.10212853319863678
ck_9528e1d6b1707870,0.014061321273624297
ck_b3263e7f31aab45f,0.019598078124037754
ck_e69195a3c885053d,0.0008849794308241538
ck_a907fa8795cd4baf,0.003581910994802847
ck_205c3405045bd835,0.01054033357858464
ck_e81fc223bed3c46a,0.10561128324511337
ck_363751deae40edfb,0.021358048179925978
ck_6176baea8cbebbb6,0.0038869801409246053
ck_633e6579f5c74a5c,0.23853125382249218
ck_ddc11fc481eef58d,0.0060925450372492805
ck_e975002c979e12c7,0.09034250602181965
ck_8e039b23acaaac00,0.006114029422694474
ck_1d6990d94a4d2ad6,0.0051896607129977386
ck_e7b583acaa3171a2,0.04902926199491973
ck_c0133f60d39b2fb5,0.019570990033689912
ck_7d6bff85e7a694bc,0.0015458450332071765
ck_d305b4d82f63f647,0.002531148626671437
ck_22bd0fc71f95e048,0.051223654822106
ck_9a65fcfc7916f93f,0.0009520169444259646
ck_d61c837b0106085a,0.023246766780860753
ck_be86a1db08dea456,0.007604969899890096
ck_90489c405e6886d8,0.0012432996193130635
ck_0add2c321d579d75,0.021726345332678934
ck_482dea6eed92cbbc,0.04484329315257489
ck_c24b47184534cc2c,0.9941595950203801
ck_fa04ac31e596e7d6,0.008041420547269966
ck_084322dc5a3a86f0,0.0033919288956595676
ck_ccb72a33cc1877b7,0.016469193839404712
ck_afaf374009d3b248,0.019369496472887122
ck_b53084ffede19a8e,0.0011524787765061046
ck_4760216154c8cac2,0.5133380533050196
ck_37ad3a65db673e70,0.001340010318944707
ck_0c2932cc0d553694,0.010861765869357509
ck_86b853c52f20fef5,0.0044634227096113305
ck_38703b7546d35a80,0.047159412498973256
ck_218b7e6e6dbd2da0,0.0010366911651815153
ck_402db4184982fdf5,0.01954792437611858
ck_f917c82af80e4a79,0.044037783555495286
ck_3c6417a233c68c73,0.012375413759931477
ck_98068c397d70dd3a,0.01967682487987618
ck_b1cbd6679c0f8d95,0.004840883397375436
ck_9e962f9bb0e7bac2,0.004514413232210911
ck_b08247c3ad567d92,0.21145419258090806
ck_3ef7a03ebb81cfe3,0.0006826243801008023
ck_5d7ae0e3562e99bf,0.02782797041025247
ck_c91a628236baf91b,0.09713325352875696
ck_7f8e816ca51755e3,0.39545020279698945
ck_5aadd286d188f5c3,0.005522316945615175
ck_a037aff5f8128c73,0.002575542058895387
ck_5df6529ce8290906,0.0266774315538211
ck_5f3609511443e5a8,0.004104064047902869
ck_a6f61864fac3c8fb,0.0037990876944568306
ck_2733fc6ba23ae46e,0.015329651538113857
ck_22bfb9246646eb41,0.8207444724005629
ck_bfc2a57d8fd1610c,0.1651501507190122
ck_49839e761d0e74e9,0.003709248333606242
ck_aa4ba931dd37481d,0.0008681171245259718
ck_2f9fa0d61829f815,0.012461482989982725
ck_5b82c774df10d49b,0.0009107041619020327
ck_411219470d0a195c,0.032855550150058935
ck_d07485ba10514a2d,0.38004042041589536
ck_219bef979ee21bdf,0.00047414348027761185
ck_eb1006e7285184a6,0.029698510431192027
ck_fd242b18575e3063,0.01600634309640399
ck_95188150ff059c70,0.02066026284560868
ck_a9ca2f447b984a6a,0.00880909052020095
ck_2dd39723c4088b64,0.01144713662915574
ck_aa2b4c662ff213b6,0.02594766985602821
ck_1867b1199c864db5,0.05413083758500524
ck_850ec97a5a0dab9a,0.006556979504435272
ck_562320295fa35875,0.005905115414873243
ck_bab5759b07fe2bea,0.0033599320684944696
ck_b9f1465d803e57b2,0.025665358000948883
ck_8f21f2690c32c691,0.04383216856748914
ck_df87d6f61a63eb21,0.008844044671316227
ck_770475876d0e7e6a,0.003465686393683571
ck_b4c014d5c0cc9eb2,0.0029435968874420323
ck_3add4d23124c9290,0.008353873473940194
ck_bce5b7fecfb6264d,0.06357593290510989
ck_604c17cb97dc89be,0.0719519511355126
ck_e52cbcd9aafd26b2,0.008636821274338274
ck_0ac9114076f5bf3d,0.011409231532812427
ck_dcc125b178b79566,0.0009682903420050647
ck_4e333c09f0c37dee,0.0049291162973199775
ck_ff7e31ff8ba731e5,0.005411196775569638
ck_8d0532d24f1070d1,0.0011418217207499893
ck_3689fa41748a6f6b,0.10246256328415419
ck_7509eb97c1948b16,0.0014132852487880874
ck_a9161cf1ca22a6bf,0.022735613319756938
ck_bed3e3db135b782e,0.005930978139317018
ck_9040edd974ef8e3f,0.823828964982836
ck_fac32d76ed40f683,0.0037261425034973766
ck_3d7b1078e2d57c69,0.003082250019162714
ck_dae09c4e074af5dd,0.00541464055547614
ck_fd84507228467b40,0.0628261164814451
ck_e2a2ce9b8cf44c63,0.027387304927327896
ck_cbe716f351d660d4,0.0015466692372349182
ck_cba4162ef29a6d27,0.016363260098314885
ck_4f1e962ff8a29732,0.0013601493374325712
ck_39a81899dded61e4,0.0024384292452019397
ck_25382331551d22a5,0.023398883776022218
ck_6d64e1c07b19856e,0.019803010343498413
ck_165a868bdef28ad3,0.0631765054603865
ck_88774ae52e30e877,0.020133113158237712
ck_fc7a9d0643570053,0.0016790483920217192
ck_c2017120b3b88a46,0.00029372731075078006
ck_d115ac6b9fd62a7e,0.002491124922718696
ck_439cf7d51ec7de0f,0.005411065448985164
ck_2468a7e9e68a0927,0.0039272128057767355
ck_7c418947124dee8f,0.01910927374487782
ck_fb0cf32c4a56f740,0.007970163501743975
ck_694eb6c43193afd4,0.011600424819611361
ck_993beb188dd4abb6,0.004146868111009508
ck_77fa39d3b733c226,0.043323523768363605
ck_49969a9abc47cb69,0.020427060911555835
ck_d3f44bbe2f7e9b2d,0.0023300234902374514
ck_fcf5b8216d0c18ef,0.002263069134590667
ck_daefe1e2d2bc362d,0.0010766555190685205
ck_9c9287cb28950eb6,0.0038494846652074397
ck_c1d1a625b885a975,0.008218259834666987
ck_71b37fe47490b4ba,0.002133015646902554
ck_5d16e257c0635f7e,0.45218017219000317
ck_15918075563eb074,0.0015862369494022656
ck_9a15fdefc47e8d11,0.02459093917960171
ck_6f04d047d1dde75e,0.00918707145050127
ck_1af2c0b3b8d202c1,0.002218328730006108
ck_174be2231c5fd2b6,0.0009042270888979392
ck_bb0713a2a1d65982,0.016197738277246188
ck_0daec63bd5b0729d,0.02077527859227973
ck_c0b5cc3e8ad2ff44,0.017230794088978006
ck_35bee1fc12664644,0.21259793535697505
ck_a1c7cf63467df4c2,0.0033536233347010174
ck_ecb1e15f0b185ceb,0.01502148052432545
ck_f280d31f54a4710a,0.007884587023385398
ck_30f4b2ee8abe1342,0.05302315225100899
ck_66bed631354de5b7,0.0007051868659395978
ck_c2d3ecd7278eba2c,0.002183256115678433
ck_e901dec0e09eccbb,0.0007698195724216042
ck_5d038ecb3c8748a3,0.004342334727655758
ck_283c5bea94b21e80,0.003331115586427956
ck_7956c251b85f009e,0.7121083203591508
ck_9f5f81d771146aa1,0.000662334554369363
ck_9323e6fc1e168eda,0.9151887678899389
ck_10495d3a635b8d69,0.04618767342932042
ck_1982d571cd36eb0c,0.011094903619015021
ck_4f5d7985bcc2eda4,0.0015130970335981847
ck_7df526b2b4410bb4,0.0077148297969707545
ck_dbb498b1a346a402,0.0010023971519797087
ck_ef059997563e3330,0.005332296100564462
ck_02ec4e06709e6b82,0.0016294849552629918
ck_9782c86ba6485f88,0.0012029715541132244
ck_d69de468b44143ca,0.010398964200571455
ck_6430a8792f400e0a,0.0076668875614862
ck_8285bd3c90af94f6,0.0034150262713075648
ck_985c9ca112000e9a,0.010802450703408023
ck_e679fbf4f4f4aa07,0.005439591593438405
ck_016e8c8eaf9d511b,0.03293879107763349
ck_bc996c523944644b,0.019653947355410886
ck_5b8315726f6204e0,0.020196500924396326
ck_78181f8e998e442f,0.0008016636150459241
ck_71c68dfd011dbbbe,0.7775313286396682
ck_db32c95ce2b6f502,0.8323704844346903
ck_755010362a9b1bc4,0.0014691561968418984
ck_114141d85256c9ff,0.001162265834881756
ck_9d1a5cf5a3b87e48,0.005680922155417857
ck_ab640420858ab5c4,0.1138598761274632
ck_97a8dac48dd62488,0.2364475855970626
ck_879cc3166fe1bada,0.00653000709569174
ck_b0ed11080076e381,0.001990377003879951
ck_7334a9ec656263b2,0.0062246492315915294
ck_6494f0ef13ce44d9,0.007534558339929198
ck_724e459b9ece38f4,0.12305689238949608
ck_7fd8b1470401695f,0.7424113961711618
ck_292f81186358b0fa,0.00259091382882775
ck_fa7de64d37287615,0.021999961219452097
ck_d00e09e66ed6458b,0.03601744070397473
ck_b8d210e741be186e,0.0073908861066294155
ck_3db59982cbae4410,0.016144735703197896
ck_69887d0a9aaca6df,0.0024650484570446847
ck_4feb21e2fb0b3977,0.0022174564112543813
ck_08c6cc1e143475e3,0.0013061100506646035
ck_fe6e168cdbb46b9a,0.2708183482218512
ck_07f1734be7fac56a,0.10971171312681335
ck_d66d59981307db93,0.0414790532676461
ck_f928dba0d587d7c1,0.003486667581820358
ck_786448fe3004cbd0,0.0023672391444679894
ck_29ea329fa40ace62,0.005789612423473493
ck_7ea52b6f27edcb73,0.04408005794000245
ck_18bc51bbf3ef198e,0.08348300438714039
ck_44950df09ff14ded,0.0011746323675376725
ck_c1466b52c0a10b93,0.033199767977565936
ck_6cdac067cc4db5c5,0.024263599730372343
ck_53f55c6e8cf2d432,0.00040938142134195195
ck_95945f48453ca532,0.009155016604644168
ck_87cce4126e215153,0.007578432901114817
ck_1ecd5516c92caa4f,0.0006046633902507018
ck_819b482bca14c068,0.4174833325017785
ck_a61a879dd46fc9f2,0.0058687327743063445
ck_af70aa32c009c3c9,0.007270863941823534
ck_f4fe78e249092ab1,0.06695829818950487
ck_12c46bc52bf45b36,0.006982365849577566
ck_f05f5e4b40afa52f,0.0194017527685299
ck_0f8cb09d3f4fc980,0.060860165905035575
ck_80a64a7f0275a71d,0.003772056506552415
ck_683af7b1540a0b22,0.011716030962920312
ck_51fe0b613c076cbe,0.0030653025399318707
ck_da1a2450219dcf19,0.02921729305746577
ck_2a7eba01ceba6c2c,0.051504209001431135
ck_4e329e29dfa743ea,0.33928012156961884
ck_0274d881d6db82c8,0.0056337154081169535
ck_0af5b7d128035b35,0.010319189975392688
ck_ae0a7be6b0a0ea68,0.014477414398942703
ck_de5bb7a4d091386d,0.14638778898258695
ck_2bb7c17168a9d17d,0.001982319054558616
ck_0ffdff7b2f5fdfe4,0.0016412473899147747
ck_718a8390b3d42d7d,0.007731932500003185
ck_7c4f12d70f184533,0.00041088736380520425
ck_d3e2c26b8adff099,0.00794165724923594
ck_ac9d3d9754104cf0,0.0016242715900660581
ck_3b1766a1d51f8f0e,0.23005860085309046
ck_a9bf75bea912027b,0.0408931738144933
ck_687eab3ffe1f8cfa,0.021726345332678934
ck_25dd0b02af5b2f37,0.055778485071262346
ck_1747fcc466f0ae38,0.0007191769731692698
ck_f6e9d14dfb6f3c28,0.03608690424653654
ck_c6a7bbd0adc4d5f3,0.03150657914190303
ck_46656a23f4456d22,0.4968884932595834
ck_7519260415c2998e,0.005037665809799588
ck_754f30ea19df857c,0.17604686809935888
ck_ba88a244d5f7380f,0.013285751561850951
ck_f268416945316815,0.021726345332678934
ck_21860dd2159dff28,0.00239407111777633
ck_7a86ef4e2beaec38,0.0033295252566308275
ck_0414507baeea936a,0.017295919564024653
ck_60796eb60fc3043e,0.009862205353467879
ck_1e0841ed17fe0562,0.012744517631529527
ck_0d641d32658d6e0f,0.0006206579604780214
ck_b36086ae6d87eec1,0.002689349491084468
ck_962e65ab33b5c311,0.9445331702701883
ck_b046a42684468e63,0.007533269109575481
ck_ab3426435b0017d6,0.023496951325359713
ck_fcfe06e44d09a344,0.00945767078805019
ck_0f6d916c92189516,0.00826849740536966
ck_d4c8f0d957c3965d,0.012998239523374738
ck_2ca83dbd728af019,0.004590407052608436
ck_2857a4ce9f72fbfa,0.0009361726136823373
ck_a60e6edc48e3d0ac,0.4927097565546458
ck_0cbd3b27063d4415,0.016321788929000873
ck_612089ec90c37219,0.006740540453422856
ck_ec4e597f17f473c6,0.005468545689201167
ck_1c93cc58f314bf71,0.01543958562271311
ck_2b359a979520276e,0.001416530191161348
ck_1496568ddc3b2d56,0.008650383706878107
ck_41d91dc9f5063566,0.03828458276847083
ck_4c5ff58afe3d7a67,0.0018243849050232574
ck_81709736281fa3eb,0.00102317271897996
ck_d89abbab3d4957aa,0.012367725180726992
ck_52453401f88935da,0.01876578244201268
ck_a477654d34783e06,0.0024679864506213897
ck_72dd0dbdf808cb00,0.004723586456841212
ck_c183dff3781746cb,0.043349538714196334
ck_c8b7f241810b45e5,0.0005251468601097572
ck_f88028c3f306bc70,0.020154066755267
ck_91d48d69e4f5d9c2,0.015337052236064156
ck_b74b9ba6d7c9aab7,0.07190701196396113
ck_03e904682dc73bba,0.008195037196006569
ck_fc6fed6ea96a004a,0.00815610894540584
ck_51efdd240e34c642,0.04513422413936925
ck_e78ab4ff52b5fd2d,0.00744002635182868
ck_4af7b97c24d89a45,0.020618754772284465
ck_295c0072eca7f7a2,0.013538032118918755
ck_8abd1a50a9227463,0.007520745381297995
ck_ecaa6f13304e3dc5,0.004221413080787666
ck_de436e7b319be1fa,0.9970593909323645
ck_c802cf8f61466027,0.006321648309611121
ck_3d83e0a3c1cfbf8b,0.007978263497987637
ck_28d2003c2d16e4b6,0.0017562321947288456
ck_8ddaf745bbb9cd62,0.0004009870259979143
ck_493b6256091014cd,0.022739794050620214
ck_a2245822cfea997d,0.009423415485074272
ck_f7305b3c64cf8a03,0.05319505404614697
ck_9937dad93a0ed3c1,0.002339247179221978
ck_d654449f9231ad76,0.009305091791733828
ck_850e2b59bc535490,0.007724140943403265
ck_e55e5bdfc0242aef,0.10247146399886396
ck_d35c51e981b98c5c,0.004176874832365499
ck_27cdf9c5e6f0915b,0.01363114890162191
ck_d328db1e1052d820,0.021905839047742126
ck_0ea30eff5f361cba,0.000895630053686775
ck_9994323f97109f4b,0.9918904311820741
ck_09054e97bdf9624e,0.00203722466160155
ck_723b4afc388113c8,0.003896445103292028
ck_588f6e6a6a6d93e8,0.00763661769497274
ck_e1d563fab4d6116a,0.0057413017014776475
ck_53aca610e20598bc,0.00950918919946692
ck_c8131ddc7ed33448,0.010180950721336136
ck_899f88464305824a,0.00964965202558206
ck_1c17c65804f8889e,0.0019047025227773664
ck_45a16ce12893cf9b,0.03429418221264364
ck_f9d481aa4f9b2808,0.4299080167130138
ck_1d5d74169cf892ef,0.04850128515446425
ck_aba32acb61c1aaca,0.08336094611586863
ck_ec4dd3675a8d28cc,0.01025688408554283
ck_5dcd443fe0bbdeac,0.0004433445485997786
ck_3a47e3f54475e854,0.0010816640568015806
ck_a9aa5c344c315532,0.002743527886577417
ck_9652283c9f61fcec,0.0004784312164403027
ck_752dd3d2487f78ea,0.008575424388681504
ck_a821980ac4db9943,0.22823843124190635
ck_93e0d6befb67f7a1,0.011632548846988937
ck_e7a3881c3e36bd51,0.14189149997428796
ck_12631b78f8a03df2,0.0006557169644789368
ck_57b8226610b48854,0.0017586422389095462
ck_352657008983fd4b,0.13326759115604164
ck_0841a5c24fd3dd28,0.01267978181721745
ck_db9b9d5d30f74070,0.0070302087009978115
ck_a9dded7f6294e44f,0.016089473940073668
ck_91a16336ce3217dc,0.01515348879340209
ck_371bd9388b287677,0.0008875278170866304
ck_f285e5e1912a7c62,0.005906226093552668
ck_368b65fca69fc415,0.039664318990504474
ck_d27a73596b6500c2,0.013881803583900076
ck_2d963f9b2c4d11e1,0.2042779906915654
ck_7c500e219af39486,0.0015731839753502016
ck_7d025dea5951cba7,0.008667276982813256
ck_32f632706608859e,0.009696420359396838
ck_53816231f3ffb48d,0.002672913263530742
ck_9dbe184e81c1ca8d,0.07790493629129201
ck_d74123617f22a21e,0.0022473532460947636
ck_275386782b1606f8,0.005160808600036843
ck_0b0e79d33e50cba5,0.0014437088755949676
ck_ba93cb604f792915,0.01741113517205492
ck_a86cd653472eccbc,0.009716404545836554
ck_87771861e0447210,0.21299437041472918
ck_212380e0371d8a6d,0.009416300456231484
ck_ef0d702d7b0ed745,0.0029828963044601664
ck_2b8f33e22f939372,0.831152071076485
ck_480347ad92037105,0.0091478261511573
ck_20124c3a16c53ce4,0.022445165066582312
ck_c9e1e3229baae708,0.005475133626001225
ck_b1befe967f7a5ebf,0.03994811059906038
ck_4672167d7c989bbf,0.04473770476957697
ck_f0c44ee5e3a42e3d,0.010731124917847246
ck_c416357d20238a4e,0.004054558937864562
ck_d0f470f8078c91df,0.010180950721336136
ck_3a70b4ee59084715,0.002840793850272358
ck_179ed66cdfc1ce27,0.0038747902893569368
ck_387e5a7f163c7837,0.0032798923161962592
ck_08fb463e69f647c8,0.9953363268447373
ck_732f725747393ec8,0.008349746530234856
ck_7cc5e0fa3ca5a713,0.005062330954323428
ck_ad4a4daa826ac68b,0.15257686089123318
ck_472e0be7a3b533bb,0.009992382674479649
ck_7190177963eafdd9,0.0238051640117437
ck_647ac26c5900f082,0.009176225046928803
ck_272ae2179bbd8e58,0.004993990929219658
ck_09b0d8af304646bd,0.0008488724397570353
ck_ca0cc8ea9f344408,0.009218308719453528
ck_332ad134fb909869,0.016705607401127694
ck_fca2798914627dc8,0.04369118012123185
ck_4450b55f462ae134,0.0037608317158125027
ck_d67d9dfb60b286b9,0.00042821362318909656
ck_a9d2bb4f2bde7052,0.00427867124646711
ck_929bcae878a3ecb3,0.292244560435486
ck_59a9e000fa275e1f,0.025286145304004574
ck_57f17254e2688637,0.03925815671903993
ck_0508908697f60ce3,0.4224480255912143
ck_946afc2943298d26,0.002403860272701723
ck_7176d12b18f2cc0e,0.005467662441309544
ck_5c47b49c26cce286,0.07017507692512667
ck_b6a2bdb2d335e1d0,0.9967427360410898
ck_1d58f6caaa4d012c,0.01568729380330801
ck_71c917295020ccc7,0.0010931386646528063
ck_bc89644ae3688995,0.05872363554584235
ck_e7c212f16d6df272,0.009623451264568011
ck_c6d2e11a368184e6,0.0027856694412383034
ck_eed7f1f7548df15b,0.0011760971186431507
ck_75b69034000ca7bb,0.1178471929958924
ck_38da3bf629458682,0.002932262028018154
ck_90114c891239d821,0.0018289299828036572
ck_8ee08f6777cc155b,0.010180950721336136
ck_bd86132499defcd0,0.0068114639716710295
ck_b95fbf2b5640aa82,0.018923374913358822
ck_c530235393360e3b,0.008359318979168914
ck_be52a7ec43241ba4,0.18711285753393853
ck_d96eb3cc55f2772f,0.021726345332678934
ck_dd34f0a844fb115d,0.1043609231931166
ck_17cc7b411f448e66,0.07967830044293353
ck_856ea65fa27d06dd,0.013263326565118956
ck_056d5f0301c30902,0.20065655674825633
ck_e662b14b2bab23a2,0.04616762346075693
ck_209f574c8d92274e,0.007269435587451025
ck_62720b81617896cc,0.008351612345329168
ck_041614694b77e599,0.009968963842736957
ck_461e3f7b97db8d16,0.006740470031671416
ck_1b74b798eebeabdc,0.008158139968696758
ck_0ed2739384f1d644,0.0037020567189749074
ck_5a4d19f1b83feeb8,0.0016711135980058372
ck_463937167965a1f8,0.012988320540060522
ck_9d7151dbdf100e0e,0.013891024189840206
ck_20a7d1ce6cc27312,0.00533162797521727
ck_6031211ff118cf0f,0.004285887843712838
ck_a6fc92aa91e99b77,0.9832512559236845
ck_0aaaa9d2f75a0518,0.00260446888407296
ck_ec26e327cc1848b2,0.009469570068936674
ck_0e6bebf8ae9b9b03,0.010180950721336136
ck_e107537a4cb738f4,0.001990377003879951
ck_e8ea56e122a5a487,0.006666905488578678
ck_98149ed45d38c4d3,0.021107393663213753
ck_0e719b3a6906b8f1,0.0007391162626415765
ck_0c6e7bd357e4a348,0.00234262172768381
ck_d3b2b250da61db19,0.9608046682054265
ck_8bb6b0a292754576,0.0720794685064691
ck_87d70f5fe48a6128,0.016388222345885158
ck_ea9edf9c107d429f,0.003685924868840956
ck_059806c52cebe4f1,0.06339055257534919
ck_a72d6df666e1c21c,0.004548388472116452
ck_1d2b80ab6c4944b9,0.008439603565813969
ck_60557f077abc42ca,0.34770954766077833
ck_e5f5cb7dd6ce4a37,0.14176178169269407
ck_4c4a939154446053,0.0017676127988380376
ck_50ede3eb561a202c,0.015718204859935036
ck_6d03a542922b2ae8,0.00893534126627706
ck_d6fe761ed0db3270,0.021374882926500267
ck_7f0cd6ea3096f985,0.003061046605984096
ck_23edb6d938a3b87b,0.0021392911239585186
ck_799aaf9f2b9ef621,0.0076867959020549175
ck_f8f6a03613b6dda8,0.003530641270068687
ck_7cffb189f4f514ec,0.8987654316222945
ck_c081e1967dcd811f,0.021726345332678934
ck_583d6ca78c97d91e,0.42617801257245813
ck_9332bbc7125219a7,0.005521484797154409
ck_956b5af6d7d86c65,0.8174723393660218
ck_2d634e3f24681c0f,0.060290408561529875
ck_7b35d218ed0c5a60,0.014630903501079115
ck_ca5b1057f8248f73,0.023055457971080145
ck_ec5ea81cf813597c,0.0032993212909532554
ck_eaebaf4d28400fb8,0.012633441233107348
ck_ae2ab6be219219aa,0.0009574339945328958
ck_d99a8b4c820eb46b,0.002421196126665977
ck_bcfb7ffb7cd428bd,0.0055132477706242525
ck_3dd542c2d31be2c0,0.0248499915458873
ck_c7dd84401e29a7fc,0.0012771895225853949
ck_c4bcc7cefd40f8e2,0.000855134881694265
ck_c251898b5d51e3b0,0.0006314867041460446
ck_36d37be780c1291c,0.0023417537898207928
ck_99b4f266b61ae7ee,0.015212065013098573
ck_c37f03995f0f0169,0.0004500534071119539
ck_65a23ac8e44eb901,0.0012300678660028207
ck_644b1c1149eea9e0,0.010392974589587045
ck_9cf44eb0237c2429,0.0012233392839450048
ck_20541686a94fb71c,0.01865289254466587
ck_c18245be844680f3,0.005743696894605922
ck_56de216eda6b7fa6,0.003206785827446548
ck_406c4442dee45cd1,0.0011700434209179378
ck_df1585c7d72a96e0,0.0007383490988333795
ck_b8e8dba20676d87b,0.04254068540000136
ck_0ee6965e68efc177,0.008379473789003535
ck_c2a5c54ad8d0d297,0.018433322434402516
ck_bf6fb7e6470e95cb,0.000852875165226277
ck_27fa694569140345,0.0006138534925394529
ck_e04166b0ce66393a,0.005218628266714499
ck_8742114f4f0cb22c,0.15041336784975443
ck_6eceeafd56b42576,0.1678774081545841
ck_34f9951b0eca1965,0.04012372141300797
ck_384ccecd342a24ad,0.00038117663089387186
ck_49c98bebd1338879,0.0007301547310906586
ck_6c26c12071c91ff6,0.0040724192945167425
ck_01e5986ebb9a78f1,0.021726345332678934
ck_121db7ba3be29ee8,0.02871828575253866
ck_039e6d5a330cea1a,0.05517619470361444
ck_ae8c9163cf957d7e,0.01941824613402321
ck_3f5e8f3f1df0c8c7,0.03862168320881063
ck_b1c51fdafcd80122,0.007882807258880206
ck_12e2b5ebfe8986b2,0.013153941606093013
ck_d55eb81a4d543c59,0.002870300115211507
ck_f85155ca5c312c7b,0.004625500004305941
ck_133d8a1ac7c0e301,0.9883199636909497
ck_04212a9bb9b28696,0.9983670587774062
ck_4cc11c7d3ca61f73,0.0017504432885458762
ck_2df4854186ec515b,0.019113281702251225
ck_aa9b28e7fc43af79,0.6704556946523534
ck_47cad6c3def4c9e4,0.0008266667525082174
ck_fbff7b5da8111567,0.0040957931049785505
ck_bd25ea782e375b22,0.013712592106429415
ck_7989376f8cf64a9d,0.011958993638325525
ck_675c0ca1ebb1051c,0.005820425354697582
ck_1436f6e11d4008f9,0.004793222720612639
ck_812cb3a4482cc618,0.004042601263449068
ck_6e606f73a1094afd,0.004363210608222542
ck_1b708e2a4a0584dd,0.018081176533487103
ck_a60d6b324bae0330,0.007882974363428542
ck_706a4f673a9fda3b,0.60222097761921
ck_a75ece9a9044eed0,0.0017880336362859851
ck_9aa45c4e03c8c57a,0.013027179049944746
ck_9fe9bdce982b312c,0.009009991123806288
ck_c6fbdc5ba68a8466,0.006185417100575653
ck_ed0cc1b1c28f9511,0.11030618808581336
ck_a4e2607b4c8021e8,0.0016364547611552134
ck_e02f93f51cc8caf3,0.016685050471406296
ck_7084ed3cf20781b7,0.012770944140896646
ck_cd4c63155570d6ea,0.0023423247926330766
ck_d1b9e5d32d2d789f,0.003064677642751919
ck_68f56f6560a7a933,0.00661142859598046
ck_8bedacc6233c6269,0.009518334862327275
ck_ab7cb50407d6b13e,0.03721505012493121
ck_f17ed7e0fd687742,0.09601857739343493
ck_b0fe4b92fc70f72c,0.001865720275428307
ck_84d62b8196da2452,0.016160911527471573
ck_9e298cae167f4693,0.02235810397037204
ck_405b20ef9ad0ba5f,0.3378081791728743
ck_813e02e1ababd177,0.007554020021458388
ck_f234ab47061ba7c0,0.0012992492996716518
ck_22b587c18363899a,0.007940116497052124
ck_4e862c2f48c38aeb,0.0010964464306373286
ck_b89cb90a420c9075,0.0034503988380045463
ck_be2251640f27a3c9,0.0941621379491122
ck_46bec0bff167ed3f,0.03813122366212853
ck_c0032232c2868328,0.017249217330056518
ck_030cf09525dba4ba,0.0006916754984319407
ck_6ecf56236789fc09,0.9311708801502064
ck_38d4ed52cbe6d123,0.05928277403837593
ck_2d923d957ffd4d53,0.009236607638444434
ck_3af1eb88728ed8c7,0.02362713806560715
ck_2f8120ca80a1592c,0.0035004503999509105
ck_6cabb1a133f0b151,0.05864126126723672
ck_bb6cf7e7b707731d,0.8865189829224885
ck_c8307fecafa90140,0.016015572539412538
ck_75f968be67f46d24,0.01680129848025589
ck_df6fe4ec5a233213,0.0021060706011668986
ck_b53e88c0e927d896,0.0005132332856120074
ck_f0093064aa28f4d0,0.006163867013976608
ck_ec9976cabc63ff92,0.06926683949823316
ck_30dac0a58c5590cb,0.19195063630076734
ck_348a525791ae6475,0.03522288578934629
ck_b898d912d1181ef9,0.011980609463322732
ck_f5b1200dc6f95760,0.019609188185684894
ck_54978a073e7a0b1a,0.008220627049558919
ck_55933936536a4071,0.0020642922228154247
ck_d6ba7ffd2ae08863,0.012365161914865487
ck_404e2217fd87fdd2,0.0011597102791794105
ck_dfaafdaefa5716b6,0.05790294047782842
ck_556c62e92d4e7e5b,0.03922958701731386
ck_7ce44f4e06d58111,0.02749179016597816
ck_465cb8ce232c7670,0.0032992457413631793
ck_237508ca4fb37268,0.010448833892046164
ck_ba4a6b9aa63964ef,0.014134106279820442
ck_4802a0a7a1882c88,0.23586903705002366
ck_9478dfe4114c30f6,0.01320141501516303
ck_5138f6c575dec64c,0.00654888929333837
ck_aebb42afe430e2e9,0.004077830420243675
ck_004efa95555437e9,0.004298582891036525
ck_11af112667c98394,0.005868474015464678
ck_44e9a18a8645c9d3,0.0006831878367432305
ck_2605fd571219e28d,0.0008780414746271683
ck_dfc933493561d84f,0.008185692006069455
ck_67674348e68d1f25,0.003853366075778968
ck_dd97429277a2fa00,0.18330923767617907
ck_d3eab7a06eb48348,0.007571159880988754
ck_0b9fcff9667ec05a,0.0038015462237196975
ck_fc4bfd6e739bddea,0.0013254490574600107
ck_43292f70a03ddf2b,0.03882897980145188
ck_5ff6108056a3fef5,0.003959882372756629
ck_767e0be086b5f601,0.012572955789856618
ck_b8465b1a5666155b,0.005994499758895381
ck_ab2e3fc56f5b3aae,0.0028285470593614128
ck_1833c81d693c1e07,0.65807336171639
ck_0308e0602b856445,0.0006070618064328058
ck_ccbdfe744acff8bb,0.017159718924804886
ck_b294aa27a0b586d7,0.006323506628144864
ck_a3747201f377626d,0.9745727579493971
ck_edde1d7d1db24725,0.023487280049565094
ck_ae3b47d6e1063704,0.010180950721336136
ck_3aabf5e0f4defb41,0.0033184017190357926
ck_f034adb57391f3d7,0.03584183804305075
ck_533672fb40531607,0.03138800243690406
ck_2a244f1ae08ef83c,0.014384978955560084
ck_a35d81bcc54ece2f,0.016314972282665374
ck_78a61215675b38f0,0.0010316588855722373
ck_e013d88ea7939616,0.007802977785786174
ck_e5018f9418e0102e,0.06307184322819448
ck_d4e024fcda401a31,0.001608095291114374
ck_f736cffbdb82db34,0.0006755365339805989
ck_1507f5aa50cdf3a0,0.009913168415333497
ck_18270fee7c8fcee8,0.0003378837081230563
ck_95ffa1a805a1c9d1,0.0014778057577598857
ck_11132d245b94d045,0.0006874218352908389
ck_7b93a622e40d8b14,0.021726345332678934
ck_3854c08d17704347,0.023084604408421316
ck_7717fcb100dc4b5f,0.012109100948867269
ck_ba54e0a1c328119b,0.631798367630589
ck_a7afdac4ecbf2de4,0.8106430952807642
ck_ecfb771ed2352085,0.004999782885179268
ck_68be4fefc85a6b64,0.15670696774853646
ck_dac7c50bd6d0148f,0.006685483476308519
ck_87cf36a03bd63c24,0.04848242875882048
ck_8adb40b168b59d7c,0.028048753320758905
ck_8d2f62930777416b,0.018871281009082575
ck_9958b58da9e3c21c,0.0012816526201126152
ck_9440335375701f44,0.0038900986779818792
ck_e2f88e202b6f700a,0.01852545309089873
ck_4c7c50684827a2cf,0.000971910424738627
ck_8a6ea4a79b1c7a8e,0.007015871050293761
ck_186dbff4b24a3bbf,0.04085684264008423
ck_220fda3c11c59b6c,0.15942004098384224
ck_3acccc69f8b1fd14,0.04301290515428037
ck_9de191bf79afd676,0.017049826843825534
ck_6de6b1663f9457f4,0.0007142341908818832
ck_062754f8b79b86e5,0.0010718537659528567
ck_aa153a89a52f7eb5,0.021726345332678934
ck_34a6bd3be642f15c,0.01615266638708397
ck_9371c700d9830326,0.02435680222162418
ck_a99e0c258ad7576b,0.002221238904495284
ck_0a7ba51d626e932a,0.009407335620300994
ck_852c50bbba1ead13,0.023487593411268964
ck_43dc13b6b6d31297,0.0455284906816749
ck_7d81b59d615a6649,0.03262492705251326
ck_39a3f1da060e88bf,0.008838690159599332
ck_6fb2d142c09ed3ed,0.034063040232525765
ck_6e5752b87324b58c,0.003640839062578478
ck_9441d48a12e8a4bf,0.3590456772395466
ck_09e9c51eb538b255,0.04023099244234231
ck_8d0cd981ed3a183a,0.009421331295975773
ck_57c07c45269ca8c0,0.0026663163501792013
ck_ccfc9ab888ba933d,0.02028860737046469
ck_9658a6ef471053f0,0.001100245656248913
ck_dac3852758f4ea89,0.0018424848297902946
ck_b1ed2278f5f14d82,0.046299410363397506
ck_333544d173524f70,0.13740183759673338
ck_fd4582e3853ef23f,0.005347077181284314
ck_614d936cef98db04,0.001957215751131262
ck_6bc351a3d57aac54,0.0050534589234655855
ck_af5842fa7202ff25,0.007741231243898214
ck_81307759252571be,0.0057896938531061
ck_b4d2f02d2cd45720,0.10797030937562992
ck_1bd753a4681946c8,0.9931281554154373
ck_46d8c029d46867b2,0.0026555980300763614
ck_b7da6640fa2f49cf,0.23784177633999176
ck_9ea3d5a5a91fef9f,0.02992158707849759
ck_7b922518f667f76a,0.0009098451503310831
ck_2a5b31594206eb30,0.5994588580752828
ck_d9506476ad3f9e08,0.00991131665955682
ck_c8791f7ebd4d93c7,0.004234277688705374
ck_b5a3e20fd210017d,0.005043723442205727
ck_8e54386f4fe22cad,0.0062750755170086
ck_75296704f5806f56,0.04061823634271903
ck_0fbbc7a6af300368,0.0005747639514248973
ck_d19bf4dc0627113d,0.0014034746883864878
ck_7951bd4eb99a0175,0.0013622218830746443
ck_059e4fac6b7f704e,0.002889908540665501
ck_2ce8931af02a2ce3,0.008601167701496205
ck_9e665618a4860306,0.00045393280820108417
ck_6fce5a893613fd2c,0.0005578005228332784
ck_9e3fbd04e3532f32,0.2724591507906946
ck_55f2ef0de3420e3e,0.03555198793735759
ck_8d87658a6f5d204c,0.44701885841011324
ck_6d6ac1f5dd882aa5,0.001046076438700501
ck_55d0c7012d7ef236,0.017556091019357904
ck_7738eb085e5753d6,0.000423890800536218
ck_0e6e05c3cc8c8242,0.0068937425861373405
ck_8d27ff8383d48132,0.00075376805459845
ck_9afc3bb849f3a64d,0.021144268209965816
ck_27eb86a9898cdfe3,0.002066863747647261
ck_1d40e4fc541abe93,0.25995098670220074
ck_4fd9dc00e1913587,0.9976732699499293
ck_b26cdb2b7b165d2e,0.009225736463246658
ck_a79a27767a02e31f,0.006148476447200535
ck_f0c18cb9f951a71e,0.01940081599077502
ck_50460e0189de6274,0.9911703338756841
ck_5e5280539257c986,0.0059164350080453875
ck_eeb854318b3a6f0a,0.00874587686018387
ck_943f66f28dd24750,0.002732357503386598
ck_984dd7452aee372d,0.15087376428046131
ck_ecaa6de0aca5e9a0,0.0026509602093200764
ck_8f1cbc432e2774f8,0.07411303426157671
ck_d91d9f8445b9769a,0.24479589001437865
ck_73c18e03e3c7612e,0.005850390239529677
ck_aded05ada490da20,0.007163467726399729
ck_f744e208183971f8,0.0021050672907115555
ck_02d4cef6358ad3b7,0.003672152940340267
ck_08ff5bd467226a5f,0.001055896620595604
ck_f824b326d5089885,0.2324034985706257
ck_3420f2fd520890f3,0.007366518540955658
ck_1838cf8d00f5b1e1,0.022234238440903466
ck_a85182ad90b6f1e1,0.0009130786868247154
ck_fecb39c82c43e76d,0.001614313547241076
ck_162513e73782929f,0.03291188708593126
ck_2c27b77c59d8f23b,0.15654311202765644
ck_4221e07b17388fd3,0.3024888920403853
ck_adfb8472d5c3d669,0.011893388313158943
ck_0742fe64055d686f,0.00042449363047013055
ck_5060aefcc8b6f958,0.01942518909179897
ck_643f549b4ac78a26,0.13534945667712991
ck_dba767885bd6ad69,0.00573880512735239
ck_0dda35c0c64c7073,0.9983371620064997
ck_38ea56d43afa5660,0.019766619458656154
ck_d813e15ac91f487c,0.08997918185726615
ck_4c840e5585a7b167,0.3603349905934042
ck_cb8551453a7bb929,0.003768449864294326
ck_05a00b1dd5a03359,0.0039019977654452735
ck_837cc7fd48453a01,0.009423298216004263
ck_49dd816b31fba6b6,0.23604758574031248
ck_86a61d9a39768e87,0.009811860244243239
ck_cd0e76f0e7bb38cc,0.015456905461808348
ck_dbe58392635133ca,0.02799661188539113
ck_3caec7dd6f8d02c9,0.06788960011378636
ck_bfd9bfc5b6ab4a54,0.05562954496043848
ck_2103399bdb2898a6,0.015394339590241123
ck_329f7de7279e74c5,0.004870840465998861
ck_9bf0d28119fc42c8,0.009652218046964471
ck_f781539b1042dc83,0.0023179850784224784
ck_9986c7d781ac6b4e,0.013227912821739846
ck_a627734880aca848,0.0009135463988705193
ck_2106e509d77fdb4a,0.0791374847910513
ck_420d1a9c604293ce,0.003702241662563513
ck_fce0610c527e2b56,0.0056575139502253536
ck_073da541ec3f9d3d,0.010729342929938063
ck_aa5f3ab48c17fed8,0.14777518199509518
ck_0fc1086e1c9e04b6,0.012169921314511205
ck_5c33bb46c1a5945b,0.016509862050798983
ck_500948a8d4bd8e13,0.04668918465678802
ck_19becd44f2c3d2b5,0.03913821592400118
ck_7d0fe77dd5ddb656,0.007239569536940683
ck_f158d9e5f101bb35,0.007042647604372043
ck_cdd7c77823c2257f,0.030437876663536895
ck_6c7b41374f9b2e55,0.006121512299803045
ck_417090dbffb1a63c,0.008737320517807868
ck_dd0e17605f970319,0.028448159339097674
ck_3646515079e6be55,0.00791278760555424
ck_89c8b06aa8c84b2d,0.05548131066943453
ck_e4d6dedd97233c07,0.07774882659493158
ck_bc82fb1895fddde5,0.0007295649814764093
ck_88a8b1d442ca3686,0.008940365819394521
ck_5791f8f76a629a4f,0.054578109238728745
ck_9cf5e88e97c8c7ea,0.03287476524112273
ck_58fd684aa5a6f289,0.000601004269395502
ck_9800c21dfbd8e811,0.024036642167500274
ck_8ae64df60ab6ccda,0.023355926484213554
ck_e535fb0f0c00418d,0.07142850303615278
ck_48011996d54855ac,0.3505146758307338
ck_ac79c72a8fe3fdef,0.009191856391215227
ck_b8cc2df5192bc49b,0.015455501010551119
ck_e96a5e1f08f8a867,0.00574018432698775
ck_84df6770549e43fa,0.0006003129779184261
ck_e5f7b99ba6ec5767,0.03859817349983231
ck_8347455ab53ff620,0.007351357068247001
ck_a84f2cdf695a71d6,0.004052393280339627
ck_90456160115f9ef4,0.0015026285445380334
ck_ebd178b3f3a9c50c,0.014090317016170948
ck_e1140be6157bacbe,0.0012682594055773262
ck_744ffc11d32b96bc,0.0051017806849198
ck_e12a9f7d027e3387,0.006328461637269908
ck_cbe525da0b69f18a,0.015205621052679518
ck_aa59702537557ff1,0.04325467967092904
ck_0348cc6908f7f3af,0.003289216343527846
ck_120e995d50956bee,0.07932847650681574
ck_9fcde1ff46cbbea5,0.03449084209898755
ck_54b0b070689c50d6,0.0014642924898190786
ck_966a167758fddfd4,0.04848271341068243
ck_d5194f2e92fd6427,0.008589201387632974
ck_2ee84f3fa27f2cb8,0.002957776067635874
ck_57d0a7eb7eae2eaf,0.056728219695400324
ck_6a2c4edd82e10969,0.0007908693935256576
ck_96e4d38ef670eaff,0.030531058471046545
ck_52cc2fd5095b169d,0.013894494612101706
ck_4b088920f3a844c1,0.021726345332678934
ck_8f3ccbd20d59f1f4,0.000763664430241494
ck_e5e5dc431bed6f9d,0.00437370272355643
ck_e8b5bfa6838e28d1,0.013522936181272807
ck_4bfeb78b47b7c6a1,0.017669184769602886
ck_a705c61bd679496f,0.0040220713745754135
ck_731869a0c39cb2fe,0.025969701890933214
ck_259eb102342057ea,0.02610804180505346
ck_47a6005fabc33551,0.0009560357063425166
ck_682262b455a9edd4,0.00036052758493944695
ck_e839d104854945f0,0.002484281833212005
ck_761989aa4c47d746,0.009593827352070627
ck_44211dc210139ed3,0.007699102966124082
ck_9915ceedf63a5289,0.06840437203342778
ck_da59ab47cb6284ad,0.0019365906802030878
ck_e5cdbfcca2456652,0.0006531191358613202
ck_13f2560c6a1ec62f,0.024002078962112688
ck_a0543e9b3abe1001,0.4725456841615402
ck_11c7a58e09e6547b,0.022897204013094606
ck_69587a134d43a4ad,0.05622725191505802
ck_28dc0de0ae291f37,0.008894981534187515
ck_298922703c5bbe05,0.03191774729656729
ck_fa5ba9ed9ed6a343,0.038795737206452185
ck_c08e64d424e56c05,0.018524513069684972
ck_598e036a28262aeb,0.02922777836352315
ck_3f7c870510083a51,0.031133113965548055
ck_364f8203a3e98d36,0.42028005859064677
ck_7333cedb61506ead,0.006932427467095223
ck_1d96d7fd65f208b2,0.008956031041124413
ck_63133a79f23e2627,0.02895740790968657
ck_901d820e0b72abae,0.0015684983993866403
ck_5dd80b3c01457bd8,0.006320603308355633
ck_c0b8067c144ed6c1,0.015606353983404554
ck_cebb8aa8c8f62c60,0.0031411210385198615
ck_79749eca42ff1f5f,0.008787709007057934
ck_2cc1d9b587f6da31,0.1678414076387356
ck_ccc7916b56d42195,0.0033790914672802964
ck_e43e53cc7b8b8e41,0.015918194904709335
ck_4ab74a6e7450416c,0.003737954986237029
ck_6e44024e9de301c6,0.0013607607175388783
ck_dd78cb6ae2866cc6,0.0033923272824024175
ck_c363d3b050baf3b8,0.008993223060426946
ck_2d46291975f0dd08,0.009185915508133503
ck_76ebeb5aee42f041,0.021726345332678934
ck_8395f004cf4d4c08,0.003577609537245838
ck_de7259c3741db179,0.006414038200987963
ck_3938e92585df2b34,0.019991610199964344
ck_af69bfcf4f07d932,0.013413526830435202
ck_1723900ab9afe374,0.007595628875640727
ck_3d58628d1c853c8a,0.003580373138811472
ck_12a074db100481cf,0.08258926782341784
ck_8716cbf892c50e29,0.0018888582843767047
ck_fbf7351958ad9615,0.0030075053529412385
ck_a50370907e6b397c,0.029266560042656868
ck_937402a60df0821c,0.0010787668632243593
ck_8ce9c5807acbef48,0.004747785593621788
ck_acf7d65eaaa4c31c,0.005222955732449778
ck_ec3eb6dd0967cac5,0.03429534442309061
ck_fc832b0c90c9bdb9,0.9383425543815037
ck_8129e81cde280131,0.007100336281036695
ck_52c0ef68aa2fb8cf,0.009906787612304907
ck_06f042e9b1b662fd,0.027292868337853767
ck_0bf35dcf7b38f650,0.000804453195244584
ck_615763afc2e17a7f,0.0010982725423419656
ck_e72db9d4b2fc9997,0.987701386630867
ck_13757bf0eeb353e2,0.006290102629535056
ck_abaf371ec8249c4a,0.03312214552221278
ck_9b7167da0920c37b,0.16154983049888177
ck_2e824b0b27494a17,0.018297318827415435
ck_9a0b605e9c3220c4,0.017477202970676797
ck_a5276af466b681de,0.0023421319754282923
ck_9e0383e1fb6e214d,0.031705540571764425
ck_6a27c44b691dbfac,0.0008690205743405119
ck_af39767cf583905b,0.01109973239536799
ck_243b1b9fdd3f9a74,0.06799572048545667
ck_c0422e638a9c6046,0.021523288833440086
ck_e0f3ea3373dfc4aa,0.005884516154299402
ck_d56ee1654378ffc7,0.008585134668117377
ck_20cd2f5666719baa,0.0006910892490195966
ck_4dfa1c1e9b69fcc8,0.009832598071600704
ck_5d22e9ca1d15180b,0.10707864327767265
ck_f4a7ac178fd55f0e,0.0016013854707494315
ck_fd5609bd23a1eaf8,0.003640734979401195
ck_49c3bf13dc9471ce,0.007991397236928481
ck_724085c3452d4693,0.24480258248587508
ck_e5d1462846154a75,0.022311994993298535
ck_c69ef0f3e7d6acf9,0.034620422308820634
ck_a2d0417791d4132d,0.01694143920095926
ck_00a07fc2a9183c3a,0.0022346353096737532
ck_781b8288e54ba8f8,0.20646896509862633
ck_d74a62ab3804a81b,0.00215516396792744
ck_abcbde211b6267f8,0.012404943261737808
ck_16dbafc035574654,0.0023794196191180505
ck_018f780215ecaf38,0.007009397118292107
ck_0b259620eac51618,0.0109502208571724
ck_4f875342394c110f,0.02339068248961732
ck_399e45e5fe9beaee,0.005695482355195198
ck_36224a2d394ebfe4,0.14544282839801875
ck_c189b551bd111332,0.00036527088827414646
ck_125c5a720ecb177a,0.046990465499050484
ck_76d010aa02eb477a,0.0003264142881647703
ck_1071d14c46c92379,0.7817227037885182
ck_61d244b2cde483af,0.02939089390650636
ck_2ff1860da2004c84,0.0010212430189578282
ck_c5b583490198672d,0.009294471883326215
ck_1294f7af22fade11,0.1346539024935058
ck_e3a22799716df39d,0.0011834606514459793
ck_c77e22834ef97005,0.4346372168499585
ck_73d3689728270a2b,0.00143329167562676
ck_295565fbf77ef885,0.0013959224744567826
ck_80c0a7f54ff4895d,0.002991649904598958
ck_f1ef5cf7f10b16c8,0.006038537280360694
ck_a958b2461ffc21a2,0.029623248877034616
ck_0e7899a57cd617d6,0.0014429687703159722
ck_9d4fed252718f58a,0.010062547322751778
ck_83c2c34add971d76,0.0015546276024507371
ck_9ccc030ba2de9fb2,0.024440559517648026
ck_cd691e3466fb3742,0.0020233518184129373
ck_49df70f908dfd069,0.03030491553388911
ck_362ce13eec1e33a0,0.0016195599912684003
ck_2452a30397dfc54c,0.021726345332678934
ck_a443d49c2b4863b0,0.023372510024187974
ck_c8b2e2cb349dd0ff,0.002994488881644527
ck_354909fecf5da8cf,0.007571263498171254
ck_841f598bbd54c83f,0.17491451429544175
ck_cd6fbd4e8724f994,0.021411122616057918
ck_e0b3158111370118,0.009535635618560924
ck_4c2f2eb657c2c60e,0.00632108993828306
ck_ef346071f0b7654b,0.0044765012342040675
ck_f3bc10e3decefce4,0.0012745034743398944
ck_189b6fbe9b9192e7,0.007921744296545843
ck_5245cbc5ff4d4fa6,0.0033121658940488325
ck_cb42e3be6fe87f60,0.0011759666338325013
ck_966d4d713cbc7792,0.0025435872135000587
ck_1c8c969667cbaab2,0.8888910564671402
ck_d35e3aa9ef5d405e,0.06930705107558714
ck_a1c39df50a5873b3,0.05649640445322025
ck_a152165caf295b51,0.016888245752131888
ck_891eaedae139828e,0.005252505167224971
ck_1a46b56f4734d52e,0.002306101002282781
ck_5e36042cfad96c99,0.09417528531273107
ck_02a8582c2603e675,0.009477896866084273
ck_6def9d0429e4ed4b,0.00930491961810491
ck_e137400825a1e3e6,0.01574382351259611
ck_d91ab840848a54fc,0.0011213788349764492
ck_becb6e1c608e0078,0.0007650332673026964
ck_6fd8c86ac719d7eb,0.06490023971887884
ck_3ed4d13f12fd9d0e,0.045787142534539346
ck_007337aa99a4891e,0.0013955717453117923
ck_60c3d8306527a08d,0.00035365797330691397
ck_95458880a54df0b1,0.19715601012164705
ck_b48cd8593533fc1d,0.3247336934454482
ck_021c6a4a7e3f1f0e,0.0005462534882987888
ck_764d40f865e710af,0.01604946678672879
ck_4b84357ae8ec7777,0.048147850477883905
ck_3397c7856b4669a5,0.0009038531184260002
ck_920bb003b42e6310,0.004435111234056852
ck_8f59f11b512d5b7c,0.012564549659712198
ck_a3acf4b986afa98b,0.05076994775247093
ck_e89d25ed7bdeeaea,0.0020062787330756087
ck_70e6bca473bf6902,0.004498264709349091
ck_186161ce152836f5,0.003319913022584892
ck_9191579254663f5d,0.004617923710378263
ck_1e6628879e9d653c,0.09261808012545264
ck_b498fa91a0776ff6,0.015019014236430074
ck_cfc2384f22954830,0.015441487154513232
ck_17673a1c2867888a,0.00046610812977583674
ck_523dce06515b072d,0.024769511015593024
ck_c20638a325ead2e4,0.000976004862375842
ck_d3877e1f907cc148,0.015279286086693536
ck_e9a2495dea8675e2,0.022691285979316494
ck_7e561caa5fa1f3f1,0.02334874106621772
ck_455672e652fe1abc,0.8313382514264526
ck_7f8f864fcc90ca82,0.01221278114940567
ck_1ad36046aaeb816c,0.005668402499794378
ck_de056e37c82e8e00,0.004534201250509775
ck_7484c214c889fe7f,0.02253776897393345
ck_32430e678c4f9f53,0.008277520182756128
ck_6276ece8f80ea799,0.005136341465393721
ck_ae8e5dc4b725bc25,0.010715318752660052
ck_f01be92dc78a2dc7,0.013878839908351277
ck_233397a8bd40d38d,0.005839719758669128
ck_f8124911450fdf31,0.8084108352349115
ck_aa0a3179f1111674,0.0024881063880061007
ck_2366b29ed9887a5e,0.0009044395052471191
ck_1f22f04dfc08cf27,0.005018975847206827
ck_b62276c3426d680c,0.022199450466965996
ck_d099fca88691f66f,0.03578637553886238
ck_166bd1dcbaf4d6fa,0.0030122805697471544
ck_7b1660e942436e12,0.015138182474131663
ck_4a9a791a1d409a3d,0.03462739415224485
ck_b003e5b54df65db4,0.016423385396801143
ck_64b4dcbf436f0b75,0.006485820245529671
ck_26e9a7bb2061a58e,0.153724269612739
ck_08b77ad5f8f73007,0.002358950329909319
ck_366616a725afc6bd,0.02324268335666879
ck_934fb5064b6eefe2,0.0010394274394208078
ck_c6abd5d57b1009d2,0.002582851725065905
ck_edcfa9e1cf29d813,0.03382758559324731
ck_c30201ebd003fdc7,0.0037405577240940016
ck_c54643d94d3ce355,0.01898547373892839
ck_02adda6e91e49650,0.02395190536509777
ck_5b73d7c5255e58a3,0.04135606099142087
ck_129ffae92dc01408,0.00036181857553657844
ck_fa321945ebedb916,0.023487740791653375
ck_8da980cb2e1e2bfb,0.009319098166113848
ck_0576b00d728bdf19,0.020212843606911
ck_c543d82e22b3c8a5,0.002175107675093054
ck_0027ba644f9ae2cd,0.28849635224721093
ck_8dbf61df902a6bbc,0.0015064083808900724
ck_90eeca1cda79fd41,0.0010942557730103963
ck_86d7127391d4e01f,0.0009446742101501581
ck_73762038c7ff2f6f,0.0016014409835791222
ck_a1484e6215fac651,0.420205137408603
ck_cb83b9f806e90dc6,0.11139280284626785
ck_8c6f059c95872126,0.0004940275427938217
ck_3174419a81e7caf2,0.00114879848869211
ck_6a0f8f8fa4a3c2bc,0.006833227484170863
ck_b5777605668bfca1,0.0004969986992442237
ck_27e4de495abb4d15,0.011279286460011823
ck_7f6fa79c7a107161,0.006574010323495601
ck_c36ed9f8e6792ea4,0.0137003940700708
ck_67a1aa88d2ea554a,0.01930947396082186
ck_09748dfe4df3d540,0.0021680036849788366
ck_27fd85b1e38b675a,0.001785143683717422
ck_2369689bd795ee10,0.007980456316133719
ck_4eb1c12f7d092bac,0.004727065619828088
ck_01fbafc42c8e33f5,0.004520351472550675
ck_93c4e05699b3b7d0,0.0023092014400699144
ck_afc484d1b6907983,0.0015392104807196395
ck_1b2d9cae92a1aab1,0.01605544525892618
ck_73b729cb161487f2,0.013907406962793866
ck_fe3c1d0ac090d960,0.4301129908369096
ck_408efac1d3885ff8,0.0192167192249043
ck_ccb4dd9d0a48a76e,0.005516523149555625
ck_2987eab34ca7805d,0.03734604624037826
ck_1dbf1f15193197db,0.016058025859485972
ck_4ed711fe4053e74d,0.022764860803471745
ck_6c54adce174f45f4,0.014033949846275982
ck_a6c740041faf0bd5,0.0008577655569566448
ck_b05c4d33c4f43639,0.06837353587487044
ck_032880f1114dd51c,0.01241654085848982
ck_22311b037456a76e,0.0005949642287028268
ck_5866b413549765bf,0.0076313526149253625
ck_0e808afe2570ecac,0.014429941822053276
ck_634276b05f4381f8,0.008880136607034014
ck_5d8773badd0d4740,0.028215987128872744
ck_82b5b79ce3517102,0.9343294694503103
ck_b378b8d8100ee4b1,0.02570699550481577
ck_54e581f71be5430d,0.0012114948110785327
ck_798ba4b8aa544fea,0.0011267683570980753
ck_3fe86b6331ff95e3,0.24666706249352455
ck_81275d9d4c559e6f,0.01129449130761648
ck_99a4e5ef02d89493,0.021500121009249504
ck_54e2eb018d947790,0.004515082861346964
ck_966901ea9c77cc02,0.005308617320158116
ck_27d69ff4e0cb428c,0.09947104225266322
ck_2cee2dd7bbfc09a0,0.6448825304380275
ck_4136b00924695ab4,0.0007125976809842317
ck_59a164c40c03a45f,0.004116963826472876
ck_3e24b026bc66789b,0.0003891711738318269
ck_8105bcf69a75ee47,0.012384280287177946
ck_7a1782cefe26a456,0.05055361667573418
ck_970c7dc195161272,0.006440425903785298
ck_a48ec0c00ae20e82,0.04412807059007488
ck_54b374ade34e1dc1,0.0018076158949607416
ck_74e5dec189761d14,0.0016232882247220657
ck_4717f24f2c6f40e1,0.07330409426672557
ck_fc8cd8a8209e802d,0.007443330688526232
ck_71db4131d7efe218,0.0016799827426605268
ck_45424ea6f0bc4650,0.14055224324444707
ck_3716c6181a5035bc,0.010427717468483252
ck_26de14b96bdad4f6,0.007176272636423572
ck_99c0a41ac9c73857,0.0015472364067083944
ck_645f15bbbcff3b4f,0.9717623940431744
ck_b7e25ddd41514d4c,0.0007700939294333531
ck_d5c14e877ca7b755,0.003719177526088095
ck_05ea4440dac6cfad,0.03356025519700765
ck_c58bafff7b1955cc,0.006937765788683864
ck_f0cf85b67a9b840f,0.010180950721336136
ck_ce1500a7f0d03fba,0.0016911854063375372
ck_d4972a775aadbbc8,0.010842140188465814
ck_3eb6146c262e0fc3,0.0008210461746101378
ck_afb23858a4ef42ed,0.971288753397931
ck_2c1def5c91c52a5b,0.235200576634411
ck_72e550559487b919,0.0032517439376723296
ck_0284dc2b4f856b3a,0.39357558738043447
ck_03be334935e999a2,0.0038537692831313764
ck_e35a4b4a3cb4cedf,0.0029038683318997767
ck_5abe57dfff4b735c,0.002762695992244723
ck_f5f87f772388efa0,0.04600861992416868
ck_5a22cb36d612236e,0.034081032818576676
ck_8ff1e6028e764472,0.9426304109045498
ck_2ab28149b0986642,0.05093689655349492
ck_c88fc1bac79fa6d3,0.023663029946133337
ck_5b137d74bba6b1b4,0.0004935466285441467
ck_11f362dca2dfaf5a,0.006350073195599821
ck_7f960541e5174565,0.003187090987016821
ck_d5458ba39ae94498,0.06038486124944876
ck_0a921a73a90c2e39,0.0413376619472564
ck_6ad56ef40086dbe4,0.0032967161170035265
ck_b68199ecccf2350c,0.007481873783862489
ck_6dac66c8198c07d8,0.010109201116024074
ck_9b9ce7bebc235fe8,0.0011268646950081268
ck_6b817117d87063a8,0.0037627483136885476
ck_900d62b3184378c7,0.0019130588379998835
ck_eafe9b89857149b5,0.024638496519311597
ck_e74716a525ee5b24,0.0004799860767702605
ck_4e9a6f06ab134102,0.021319029431935817
ck_b0d33b5a3716661d,0.002432714138058545
ck_8703543bf3134306,0.015722782708920153
ck_923d6a0f83accef1,0.008195426208926986
ck_52e37e2170532e2a,0.09054643116560343
ck_c1c5ea839c58958a,0.04091268925600925
ck_660f0006780e87e7,0.001858372104194693
ck_830b2c5d1818ac07,0.07003797660185544
ck_b080ff636932d1f1,0.004434599566002918
ck_38730aace405f2ae,0.9986639906829508
ck_9790138467a06223,0.000962585997191693
ck_10de0b0d86b17839,0.001286157158000569
ck_c3e37a4d3382c32e,0.0003378721658483887
ck_dd8edfefa1eba531,0.0010273721590299124
ck_8153cdadd300d234,0.0018845343627766136
ck_74d0e7c2c6b63d36,0.6961983703620561
ck_c478aae3031bb328,0.0011098681098496768
ck_cf301f2194975866,0.010264767048743899
ck_f4de03f44e3a5bd5,0.004996124559157708
ck_b06ce826e593b210,0.0889198454134447
ck_2fc70b6baf6a0e26,0.002225826728534885
ck_d208494cf5c90047,0.030509987243869878
ck_086d29ccae565e5d,0.0012841673726772928
ck_d5ef6dc116dee408,0.008278237740813725
ck_fdf0c5b722d83464,0.005088303869215216
ck_de8494b13adeffb5,0.0009502160782375068
ck_556786868599143b,0.002042247630813195
ck_4940e78cbdcfecf3,0.008979203928041206
ck_d32fbbfe32c00416,0.0034472179525535575
ck_bc7710f7e9fae649,0.001181443220500451
ck_416f7ac57da081a3,0.010966171517732659
ck_6fb39b60c67d5475,0.002538470767343375
ck_e40a156511345d6a,0.004464657063359449
ck_49ab879b5aa7fccd,0.03776978270532633
ck_bb643194d1cbc47c,0.9978881809730851
ck_b3ce8f1bcedfa043,0.004206377455336246
ck_558ebde8c29132a4,0.039307289019870316
ck_e6222925762273b8,0.1547726977618328
ck_bd80546b4807dd59,0.0031321549706102183
ck_bd21164bd2bbb635,0.00672660974994366
ck_ea835557d7043667,0.001996828980034155
ck_1411a80a157ff39c,0.010367509647482594
ck_ab973888c20c9120,0.05663858146756842
ck_95b48972061abe82,0.0007146723663573155
ck_fc4a43f8876bf10f,0.43769473329011965
ck_f34fb7ccf82f41e5,0.009317029851555195
ck_5af9934a56801ac0,0.006507012447534019
ck_fc7445ec76389a58,0.13405344195821517
ck_1eeacc26f02fbba4,0.032272298537226594
ck_4f325dd15c9bd45c,0.026497548780992596
ck_5009a6c8bbaf15ba,0.005502561719908607
ck_0f3de7f074bb33af,0.002892810958784705
ck_2cbc2f93a32eede8,0.02096109145428625
ck_4bb90a61c21a303b,0.012514335040317931
ck_3ade9eac7d7b0dbf,0.1740528369233536
ck_4859a58629622915,0.00826249510231243
ck_5fed957287ebca03,0.0012841673726772928
ck_ec01ae5351500355,0.0007631977740394084
ck_703b41624ae6a5b6,0.004187918851709892
ck_97c38e7f61c27e47,0.014985340981256638
ck_db2c0908150cb2cc,0.017976399427969855
ck_64ac5e6fed86ab60,0.8698959938955281
ck_da1c853b0a061e83,0.06872059416293125
ck_9a36916b60178ded,0.6805540272545364
ck_3715bfa7fed2c675,0.0035537425492802133
ck_dd3feb77d7d4f6d3,0.012673326923475598
ck_982ebb24174a4ade,0.007020246907639112
ck_f6b7a10d47dd9a1f,0.00472353144756915
ck_1f56fe99f250cdf4,0.025967887479830153
ck_deb3ac0606d6f6db,0.004246114466130394
ck_e666629e5a41b39b,0.005374616291874539
ck_756d2c13d02b3e09,0.014738884476130823
ck_7bc752ae7cf5d55f,0.002551216365027509
ck_fc0cc4b25e6a8194,0.004191205483525754
ck_9b2b0e286de78a1b,0.0024756174061401743
ck_24b0803447211bf3,0.02646318194905653
ck_82eed68d05a42128,0.0038447222109967657
ck_c8a03c516ed5b05c,0.09400129525848089
ck_e914974cee1bccb1,0.004931035280253401
ck_0c533ff2d0f9962a,0.0072665998778421665
ck_c12805fa5d970a83,0.03535904286778662
ck_fc2cb29918631f10,0.3042118590833431
ck_c20e89afe575549b,0.0009062411679133962
ck_e1ff9e31becc27ae,0.16718312936257823
ck_18116d0ac08f1996,0.8989241358306718
ck_885a83975cea5e64,0.000775368720396391
ck_a0c3059a959ba5d1,0.07210014716524502
ck_75257ca7d7da2861,0.018542619929704903
ck_2210f7a0d13bdbef,0.01591985267299495
ck_9cbd9ecf8374f65f,0.004093628386602114
ck_18f67c00ba21fbde,0.001150511691666906
ck_2d28f14d3973d8fb,0.00019273622515191273
ck_8b3401b44aaae728,0.002024425676689804
ck_9d8e9ef37797d3af,0.2967920402591423
ck_9f50920c894f64e1,0.006796342623565265
ck_4737e0d56c6fa0a1,0.010607853738641456
ck_52c311f29ca3aca9,0.0005936908834550035
ck_6a4981bc721df37a,0.01748092056340825
ck_823539d936c55fc6,0.00041815295304294163
ck_df5aedb4118020bf,0.959390741895668
ck_a911a066ff0f7b56,0.021726345332678934
ck_684609767df4a14b,0.014258098851520285
ck_f2350bf355dc919e,0.0034140198263999076
ck_8452b6cf97c65a5e,0.00989698529679282
ck_084cd84501012218,0.8402037988718408
ck_ace6b72e5bf3e93b,0.3512501717581986
ck_2afdd69094c955c5,0.021724643628375555
ck_fa7d5be26bf7b31c,0.04209212873690422
ck_4b041217690fca2f,0.02356282591582534
ck_9fb8e3d38cdf276d,0.9324262140880789
ck_c1ee56d65a42f59f,0.002550686677431594
ck_fdeaa1cd085691f0,0.0189158412598505
ck_5de33a7a87e9aa62,0.05754653922494894
ck_7476e7fe1ff45545,0.03169015154905058
ck_b0a947b498e47018,0.0049430900610629045
ck_e3894ed88a7977e4,0.0017189686078791034
ck_c7e07ebfb0bc15f6,0.05791539225707453
ck_3a3daa8b376f2a18,0.0019511849000924926
ck_87809324c2675b0a,0.031129972520788186
ck_7eb4f33260f1dcd4,0.01376597955080576
ck_ab9f0e08af030060,0.02816215423776327
ck_5b8fc4a76f340797,0.009385369236214755
ck_0e7bf10ef49aa818,0.016677069233891947
ck_a44462a3853ac67e,0.9957750114748344
ck_2d14bcd2e0fc043d,0.0023457548640145503
ck_df1f2dba802296be,0.8310189432237934
ck_466a7316eaf149b1,0.033192988202430974
ck_50df50af592b0c06,0.009698699715130751
ck_5f9e34c849704b95,0.0007824194426823204
ck_7836bf6def26aa87,0.35517225881094355
ck_ba175b1bd8efaabf,0.0028315961611599977
ck_1a0aac7f7b94b1be,0.07004724410799254
ck_6768c4b2aa8ce586,0.01613647027073105
ck_eefcf0ed15897898,0.011488057126183605
ck_7a6cb27e390b6ceb,0.003429479686779476
ck_5275be4e1577c1c7,0.0065916957848821435
ck_6bc0e5b8c0b7d2bd,0.004640703830428423
ck_4874bdec79f9106c,0.036759255622992634
ck_a678731156ad7bd2,0.22476921906638592
ck_db906debc36a5d1e,0.01888554232619086
ck_e87897767c612942,0.031806253863697495
ck_45ed5ee496ef8a67,0.009268682382087362
ck_ae20e28f9854f3ee,0.055458221767736245
ck_9ee044b73943a90b,0.0020051414426508294
ck_dab34cf6f0626c9b,0.01019891557337775
ck_64a02b7b96149810,0.0006775329423111213
ck_c417d06f3e94685d,0.009207055169454673
ck_3e0149cdee4cb294,0.010812271094766356
ck_0e6046fc30f81705,0.0051192394630219405
ck_c383aeabd53e9c89,0.022058217816480014
ck_2ef76f1f36e8b869,0.7392178969354537
ck_43948784650bb9ac,0.013952229093039836
ck_bdb966f43ac350ee,0.11286498960586401
ck_5bea0e0ee0b094cd,0.018265902545614148
ck_dff090f03ca5529e,0.001223867461033842
ck_a4691b57f837d88e,0.004202324158870102
ck_99ee90946395d74d,0.7376727732116635
ck_cc81dbc83a8879fd,0.006487466145072837
ck_f3dc0725621b3a35,0.0014012237202045744
ck_1bb212d1288b9689,0.04654619503975092
ck_9e7278fc7679f002,0.040773106984019
ck_3ded7a8720d7e311,0.0018465649004850355
ck_798157bcdb9453e1,0.0028247567203924465
ck_9fba80f56f357fe1,0.004404385022483601
ck_f1e1c8491f16f912,0.0004809408772374348
ck_7b1319a5ca2f63c6,0.9956166349206778
ck_124432fd5c92af7e,0.706625477458601
ck_148cb0c723284dc0,0.002617822375618121
ck_b56c62c950eda009,0.0009574037339287848
ck_a0498755cd8d7188,0.0004250333491715103
ck_5379452a9d74efae,0.00040855117598743507
ck_6c2453229d608183,0.02667081990913562
ck_f9d8b4813a88c1e6,0.0032492549829034635
ck_c2c7d1e45a521857,0.015079085470089078
ck_4364a83a11743888,0.004577301501522137
ck_2cdf5fd97ba75e06,0.08501950548624564
ck_71bc01291e0533a0,0.005134145254662065
ck_a725d7aed2a0bdc2,0.001024662823031336
ck_a9b0c4dbd7db6a91,0.019379326746916323
ck_a4258806a533efa9,0.012877189978055087
ck_905e460591d9a278,0.020458727197897864
ck_20de8abfd8960ee3,0.017183796247254
ck_252b0a0f1119b220,0.0030362222611129155
ck_95e4bef65c36af1a,0.0008114045861838681
ck_5ab68b434ad53fea,0.002133965365204607
ck_13677a1957078827,0.0007375362180617542
ck_d251e9fa09e542dd,0.9969867208874957
ck_700cb620f300dd47,0.003261291609556025
ck_39a68c55a1bd3ace,0.32671324976763433
ck_61a59a7944d6c53e,0.26686287021392846
ck_db6d1c6d31da967a,0.008311213950769666
ck_650020c500b1b50d,0.004529129662463428
ck_d812eb6930192793,0.0011442919191919768
ck_92f6ebc11ebca89b,0.017195518739335634
ck_d87e26eb5bc84b01,0.001048421991735986
ck_66439e697695224c,0.0010401354576981936
ck_f21efd504faa654c,0.0021527315816459386
ck_15eed0f5652f0352,0.05435474591450768
ck_bcdbf57d98dc0d27,0.012190124766447478
ck_873ceb8004d3a9f7,0.027124476541969096
ck_70bef9ddd4bab005,0.001628335715780942
ck_7560f1891d66f294,0.0008680694665110778
ck_f439f16f8693883f,0.020762634863049214
ck_14f9535e53f9c7a6,0.0065339487760230075
ck_5984be472d2bc267,0.16697245180198322
ck_ed01be7504dc4187,0.059788978249614835
ck_dc3d8b5c17b67ae9,0.0003616076579170516
ck_9dc23031b6b494af,0.021726345332678934
ck_fbdac0221bc03f66,0.005848661835018719
ck_863708a99b92ef0d,0.00673180890845734
ck_22b52654776a1ea8,0.39415510820771554
ck_a0714f98001efa0c,0.016833390940466066
ck_9c56114f84e9a541,0.010180950721336136
ck_e155cf506b2fb699,0.009552136790919668
ck_65ed7e72f24731e7,0.0035908841602098206
ck_822d6e8e43befc72,0.9478294621980802
ck_b1182471d9ac6b26,0.0008695372286733352
ck_821446adc95e6da5,0.004242637502065648
ck_ff182f033134dbb8,0.017169285484768565
ck_9c5feef7647b0588,0.0020655626852600878
ck_df935d8bdd44883e,0.01359804948049885
ck_01eb24c18ad11fca,0.037079692751017516
ck_00d6730134a1eb51,0.003135838743560632
ck_79ba8e85678d0224,0.0020428135980408314
ck_97e3b04a1350f6e4,0.026961200279072065
ck_74e9747954a46eaa,0.007411367281084062
ck_397d5fcc9972f909,0.021726345332678934
ck_9ede89e8a43c3f53,0.08279092779551607
ck_303b33910d67f306,0.0011488008543497409
ck_3c17841636f6f7dc,0.0072030280203711035
ck_78730527f8ba1438,0.06986787425715071
ck_5ee32bc6bb5d1d4c,0.05232709385721777
ck_a13fee8cd925d0dc,0.011031377980063227
ck_6f847263379f2e43,0.032546724508674324
ck_9b9d9e579e7b55b2,0.021027777267863982
ck_87c1d0a79e79c84b,0.0060946723350210055
ck_bfc453eabb472f91,0.030511768886204053
ck_978c21bb5fe3171e,0.01679627260090252
ck_dd882323474431d4,0.03841574896910468
ck_533c4f7400d5ab22,0.10769663429487167
ck_5f217bfe28954e75,0.9837444179154984
ck_ae96d35465b3b4bd,0.0036429411258820364
ck_512ebe97c0af94dd,0.04927392151022045
ck_f558fe02bb0219b8,0.008997563315296905
ck_84092e23d5ef4d51,0.04577678831102792
ck_17d3022ca12eacd7,0.010560514609403047
ck_8a8f81bf3558fd9c,0.002071663982389959
ck_0ada6fed1864e7c4,0.04307877630276276
ck_21fe7bc59dcd78fb,0.006844298361040526
ck_e136e20c1c74fe38,0.015191813245327514
ck_e7a530e09d113dd7,0.24145527750891216
ck_7cb0c9ded4d63027,0.05899443645903528
ck_102db9615e722c9e,0.056421191065816355
ck_129e39ddfde92eeb,0.0009658240039854324
ck_d730ff21bfd7769d,0.004443056209534342
ck_54459b45d2be8459,0.0006658578599599225
ck_7f1c20319eb60aa6,0.9987646099260712
ck_939fede90473e412,0.0020771850113319727
ck_e0f9506a6d5f4a1a,0.001081526831570072
ck_9a4967cdf49265cd,0.22820974306781244
ck_b9eaf03453ac7d5f,0.005176145512805151
ck_522477be6376b450,0.0014113300339783678
ck_9b6282e3bad50710,0.02565789175686408
ck_a0e3a2facd508e49,0.008740656127355195
ck_97ffae702f7c3d08,0.0006905365507726064
ck_344a95cb7115ec67,0.004508958186312962
ck_1f2760764afa45e8,0.004467148291971932
ck_720cd658d11ea428,0.0069257540370120255
ck_04e32ee9834c088d,0.009908040770099427
ck_2bb1389e5e72c8f4,0.022827042448949984
ck_961e7dbc217cfbbc,0.004604530902707255
ck_f3bce4eccfa6d6bb,0.0035156334876410254
ck_e0ccfa0d689339be,0.008758099977150708
ck_98217aeafa0bfefd,0.021726345332678934
ck_a02aeec1914c158a,0.02719453240299142
ck_20a17e8f206a14c8,0.006824696449477809
ck_114c32aad4b6183f,0.08199785101982418
ck_79f5198f0decef20,0.0016736255714031704
ck_2209de229b4c71c5,0.02442758670266491
ck_6ee939b7f396975f,0.005984803041514322
ck_202f0c14b07ace01,0.03913568502247386
ck_fa24db9d416ab904,0.011754359154836995
ck_cf6aa24b92c4d33c,0.5862800972607983
ck_45f57fb8194cefc8,0.0026048355997958647
ck_d5eb179dc45394c6,0.04214223590993928
ck_efb24be983342f75,0.004294095084434094
ck_245f5d62ead5ef28,0.0016138505961308357
ck_15fe2a47fa7e92ea,0.0011136208660398013
ck_b6527a85fd682554,0.008865234631546651
ck_11f9390a11ce9ff5,0.011190846414540767
ck_ffb4d892c5158201,0.0006534581174176319
ck_d4c1da5a1427fd6a,0.0510725567279274
ck_2c041b1efb1c5063,0.017600366965713814
ck_ecc18f40b33be769,0.057344162347560915
ck_0525349f3945375b,0.04264232828816192
ck_0bfe62e0c7eab9c9,0.016264528558242734
ck_b7c37d410b1646c2,0.01620081801999937
ck_4b15b0746318cf42,0.14282431908940957
ck_e5ee006ecd8ff661,0.2573680075730673
ck_ccc83cf66365357b,0.03234883257528858
ck_34a33ffe8339f66d,0.9960213714698541
ck_4e39e3b165edab58,0.512346905389213
ck_1a71f8081ae00190,0.9329203474133916
ck_ed8f1200fc049c40,0.9262472285897544
ck_8a5a57858e8c77f3,0.014194511926219015
ck_fff9fdc2adf5100b,0.9680179057395605
ck_c76f1bf40f3b787b,0.0005183402532601277
ck_1a6ddfeef82b1b1a,0.004195903133618486
ck_478d2667aa9896d9,0.008777172939850914
ck_641c8e7694b21f3b,0.009205221566455245
ck_293581d879f6663b,0.6925236461531451
ck_1bfa8abdb22be8f0,0.08076147400346641
ck_05ab5b03d0bf9ce4,0.20652190162802744
ck_35694db37f0cde7a,0.001274191138909734
ck_fe33eb743d714c03,0.005787569183708439
ck_abd10fbcbaf2b038,0.0034377256226176154
ck_46d51648c1bf80e5,0.13312271665681777
ck_5c8390017fabfaef,0.036369185605326995
ck_87d55ca333f22072,0.0004319257106532488
ck_c39c6a1453e2b92c,0.00035820370899696387
ck_69ff1b0aa143a168,0.00045958066907556406
ck_e57c79eaab35ded7,0.0019846735039160688
ck_463ae759e2b6ad1d,0.0140741062557201
ck_0dae4a7eb587f3ba,0.003896050144133567
ck_9b12fb56529ebc4e,0.01271348332355892
ck_1af547077ba2dd03,0.31959898026001293
ck_de13de941bebc7cf,0.0011634123357687873
ck_83dde7da2bf647ac,0.0010420865971042265
ck_c80a94d4660041fe,0.007666274347832547
ck_f39cfeb277ef6528,0.0037908054090663693
ck_1cec1ed1512a2d3d,0.0013941675138655213
ck_7955a359b6448799,0.0005926161301609083
ck_8c0955dad13c3ca1,0.0036023315782924815
ck_6d4cd2de601a2308,0.009631504922661288
ck_f4536ba8dd2d551d,0.010660051305590532
ck_b379c198d6db2d62,0.009858933683536124
ck_76ea90ebc74bcdc7,0.04948306181989453
ck_734f06bd4aa92781,0.03875893559759497
ck_677e1d0c14cbf569,0.00044592683242853265
ck_259271c70f3fbcbe,0.03003040934697278
ck_c0b744eb9e7d4eb7,0.002676522677686052
ck_3d41faeb96802f68,0.0038071091739486176
ck_8f604fa70fc3c8e3,0.009173391860535764
ck_0b3c3bea0e0ed339,0.01569320816024824
ck_be5df076b8a86409,0.0010645172825505856
ck_6a475fe324d7d790,0.05012127760545003
ck_3ba3fa5387bacee8,0.00040477589529779414
ck_324b9939d9c1c31e,0.0032110902570016836
ck_a7fcf7b592f68ca1,0.04683805597299946
ck_5b2728f7cca414ae,0.0014292011855413789
ck_5f4a25ffd0b85a47,0.005290293114437779
ck_63d4f5076fe4406e,0.004709990214332146
ck_af528d66c86f0cb8,0.8540818500907774
ck_ac7cdb9b8da7b5dd,0.014308979177291252
ck_3bece63711407e25,0.009029241941505938
ck_d4e0b2a12fcfc35e,0.0007789420962990452
ck_ee3e7c9d3a9c74b4,0.02845182619704239
ck_50d7c4dab837bf66,0.010180950721336136
ck_ebcb93a2990fc914,0.032837467772715595
ck_2329cc9702cdf7a0,0.022289695750975065
ck_db1fa53d588bf99e,0.0060477493781975426
ck_44e57a0bad5a0745,0.0069196623657552
ck_472c81a144f4631b,0.0009209150369440457
ck_1658429acd5306ba,0.016604037799221597
ck_466103ec5bd9444b,0.007780046394145056
ck_9757163e25262b74,0.01123503373421816
ck_34ed59bc2c9b0186,0.012881095936423954
ck_b7bd3a7f263f4f29,0.044426496474142034
ck_149662b09d632e41,0.024444733959907507
ck_a9ffd6b3957bd41e,0.001978621509946312
ck_ab80466ef615e85c,0.0008608537444161758
ck_f2c824d3473db24c,0.015352626001522615
ck_a4a01fd45936b078,0.04388845794458591
ck_8f6ce158c2902877,0.0014141752448454065
ck_5189a302cfa7cefd,0.0004788608198542475
ck_430a3d03be588201,0.022672021600279018
ck_b5f9dd00914b4db4,0.0031780182734005274
ck_52dec82e9cf6135a,0.00040524851508081126
ck_95e444a01e2ab4a5,0.002229282823391754
ck_e37cee7b123692af,0.010507707892721261
ck_d68d42858a55adff,0.02373196445922861
ck_3abfc010091d679d,0.009294939296054494
ck_cee4e4e1b62bf82f,0.07326214574946724
ck_9ccb17c35e636c5e,0.0018784606693567718
ck_f72a5a3b0d6c1177,0.0015253422025669346
ck_7508aa554fae6afb,0.014334104426442328
ck_003aa842b7ca1d77,0.42288962550496634
ck_83b2b192f41ee2bc,0.1613888889587162
ck_64796b6b2c3c7f06,0.02990654308698464
ck_6438ae81d43cb196,0.0037625746348572404
ck_2bd73d9098504760,0.030904224417488677
ck_aa8b9b36a099e4c8,0.01216307770930094
ck_e5ece47d0dd10526,0.0120143719090048
ck_16077ac345472e6a,0.0012452638093104226
ck_a4d6e152b0076964,0.008639734231040051
ck_d90b1d03ae151f62,0.005885240833985253
ck_18b36d342b530af4,0.04527459211645374
ck_2a01e610348b84f8,0.006495581707907333
ck_0a93ed76bf36c8b6,0.02899992775012588
ck_3d56b477fe2370b6,0.09023379294861603
ck_17ab3068fa303682,0.0015133675201413612
ck_592a3520d841d11b,0.04441873276043261
ck_84d07028b5fca2f6,0.0191917293739475
ck_f4a2bb10afa85743,0.005820908135122537
ck_4fe4b072f03f2c1e,0.0032327930386450866
ck_9ad08fcc183ea1e7,0.001989095504579559
ck_130d3848b9dcdb05,0.008070542229011438
ck_bb399ed6bf28c230,0.01256738534375583
ck_a31a64a39a2c4941,0.0022469166159578306
ck_c49f25dfb39909cf,0.023898821801250983
ck_55f50a9ae2db8ff7,0.013763913536281902
ck_09faa4e771cf876b,0.0024212560527039594
ck_df520a7a6e405889,0.04322509389167565
ck_8c8c98cc694ac900,0.00784541876400193
ck_7f0c4f609673ef62,0.010180950721336136
ck_f51fe59cd445d2cb,0.003097767931630037
ck_b3fb83f0d772a831,0.006969825602283175
ck_d6e7e257751c299b,0.0020069316195634726
ck_0d362ddb4a1cb6d4,0.004329690805987603
ck_a574a08edaf81781,0.02147958162749168
ck_a823f5bcb0e4b9df,0.0012428193252152194
ck_f792586ad0381eac,0.017323052379870023
ck_54bfd70022c66983,0.015560163777727263
ck_fe0a9372c9372de9,0.0015776661007121848
ck_5691cd6fdb6d8147,0.0076567521998191605
ck_a95f212a02433d23,0.0006949669295589292
ck_f5adad75e1c06731,0.0795630448643338
ck_e09c97520eb0533c,0.049876953849816254
ck_a1e13c0d58560340,0.0007498401374820362
ck_cacc2ca410cbe80b,0.006023408201194141
ck_c0dde2a6ef1e08c5,0.0005823178571307791
ck_a04403073c90ce38,0.0007979736503621158
ck_03d3026107175dae,0.01834671845165604
ck_50176dae5b1b716d,0.004635782775448267
ck_6c084bfcb38e96c3,0.02906523796515937
ck_36d2be9012f7909e,0.05396865263667863
ck_958acf84c6137a22,0.05025673203854174
ck_114722e12db90a73,0.0032559564487063776
ck_203c2a22c0c165ac,0.014488126020530819
ck_2c44ca550e5cfa82,0.04461108239094755
ck_df0a8f20ab8f14f4,0.007401276904363296
ck_826a27ff7555192e,0.036819823778427685
ck_09a988ebcf062297,0.0444811777244478
ck_5c82444b3b9160ae,0.00999170483250357
ck_f6a4a7ed27fe76fc,0.07068513934789271
ck_17de46314b5c6a92,0.0046681548710639465
ck_335e63101b1e6c4c,0.315935480354771
ck_c5eefc0697451de9,0.05495732699479359
ck_49a0efb5d4067b6f,0.017071459087442706
ck_c1f4509c8f5dac5c,0.005384347293855493
ck_57658eda1c59bc52,0.0010370949795966082
ck_0d5c0736ec76385a,0.00284127691294962
ck_e0239e6ae30795a7,0.01452440820469229
ck_e4459115cd8e5e4f,0.001670074603363046
ck_bb4aec09d4968dda,0.1479818214098329
ck_a1b4c96faed3e0db,0.04288694053408244
ck_8247b79ac67aae7d,0.023814468044820514
ck_fe2fc7d6e5d83f09,0.0015296142758050239
ck_f6aea576cde8d592,0.0008415616967561471
ck_b7e7f7d0cd886412,0.117289076262148
ck_ca7b993e8286af7f,0.0059704650293381425
ck_47de038381a9cd65,0.05673473179877851
ck_d38f941d09eec820,0.004984663778004129
ck_d9ba2a6c0d926b4d,0.0017351496862691483
ck_cda72f597330d0f3,0.0007772125925454104
ck_16d2d27fadeeacf7,0.0015466692372349182
ck_be05447853d423a9,0.002029806720227079
ck_cd92852d7376a4a8,0.0017346161169741533
ck_2faf7ecccc9fec58,0.0008994041244449318
ck_db8733fd92f20cd7,0.008663680091955318
ck_a9989a3a94c26634,0.0398186960873442
ck_957fb25437c75e41,0.10489536744352831
ck_e6a6caf6e7de17c2,0.0033476974510631826
ck_f7bc569b37e8bdda,0.014235500715239916
ck_703b375dd86a6124,0.007156707129036829
ck_d3cfb3603f2c6ca3,0.028488064994198287
ck_07cb2b6f2a4303e1,0.020844556133569846
ck_31631e2028d4f855,0.012577007969717635
ck_1631bab0ba1256db,0.24310607080366556
ck_5fdafeaec036f016,0.013880577389633324
ck_6eda4c36aecad602,0.0036775903924562646
ck_bd1bf9e3e29de281,0.029670083375763753
ck_bf378ea558a4125f,0.38919748821214484
ck_7aa2deeda0e57412,0.9925617392274205
ck_d229cf7f5a3f38ca,0.010524484237951576
ck_9e109edd124492a5,0.0023430247846986307
ck_779491819995625d,0.015179388256850328
ck_b89c6fa2ad0a12f5,0.01739207599519617
ck_1d01b4a609918c4e,0.672516062923213
ck_714c5d7cb17bc9f2,0.0013078207026701902
ck_269f1746f2609ed4,0.0013161795347584836
ck_4be03a2aa62b93c7,0.0005218989779714285
ck_cf920313f6dd28fa,0.0036539653645422136
ck_fb00aae4e17740c5,0.010180950721336136
ck_085d8c42739e2b10,0.997421074063001
ck_c72a7d0d03cf3e17,0.08143007428535384
ck_8f6ca5d3b17eac6e,0.00038820580749288503
ck_d9573100bbff4014,0.25772021531879835
ck_79d6793d1d0cf43c,0.0003559326002423747
ck_91fa5032f7aff0f1,0.16997583439329894
ck_87110d84872c0fed,0.0075037357560142695
ck_8220da627e9992a5,0.001555903541859024
ck_2ae44938847f3852,0.0036460291883602474
ck_b0f191e44f9b6f35,0.0855242356363449
ck_3049d744b527f4d0,0.003653497242041401
ck_47d3e8d1dd3fbcef,0.0014430559023906192
ck_ddf787359d2b5deb,0.00218333389224963
ck_b27a9e39726b26d9,0.001400745414342335
ck_80c4e9274cf976b6,0.998058072616864
ck_c6afa913168ce8fa,0.003597407072267475
ck_52427b3f8478db19,0.013917567277389084
ck_3b810f15ca0eaa55,0.012454888171168865
ck_0c9e420f97baaa06,0.8352153918895879
ck_f8540cf3a8b2f8c9,0.021726345332678934
ck_1402d24dd623df72,0.0026524636911433165
ck_eb4f4267e24d042c,0.003463298872507883
ck_6f661b428d6fb8e4,0.010629269980086158
ck_519a26ecf3d29c90,0.0008195613771516139
ck_e886ba71d4a6fd73,0.011919835678759007
ck_437f9ecd2016a1a8,0.0015721053504616292
ck_f01af1b0c977cc06,0.010588613993841018
ck_614f777c2eb5d537,0.0025638862530002627
ck_b804e784cde9af8b,0.003919820701677305
ck_c2dccbc1b24b137b,0.01885147185652846
ck_1df4a1781a0f6999,0.018507635401757077
ck_bd2cdd53fca26171,0.006494929448427859
ck_424c254249a109f0,0.0054990383497212
ck_cf2ca4f286e289ba,0.007303170845322173
ck_6c33cb15b0d8af54,0.014656564764971434
ck_311d395fa9b8550a,0.005352157652913596
ck_9f792e7e721ff7f1,0.0013292916273729845
ck_4c37586080edb7fd,0.001303948266183342
ck_7c4f42c5397113b0,0.001710338608992229
ck_fc418f53ce4aa579,0.8881325075998582
ck_1ba28fb7ef726ce2,0.010061098290107144
ck_d932f98bf6b83956,0.0755004672899203
ck_248b3659a9239240,0.020386589664605492
ck_6a92cf5f4cf5de38,0.004778916326755108
ck_65519d0fb137e0c5,0.002394211195754114
ck_ddc3fc99eaba2064,0.026402650475060713
ck_7310cda3bc65a73f,0.004197047323312206
ck_c01c85bd631d4054,0.007134251233946613
ck_b4954d16b9749829,0.010180950721336136
ck_f301f6758e170d66,0.01775484605854134
ck_9bf95f8c47e7c7b4,0.006525391153649037
ck_c91b7fccf6aeb4a5,0.02066772706651624
ck_785fa45e86bc5e95,0.010155722685269273
ck_2a65f1cc23f1180e,0.002560090836883744
ck_a49a2c1f881a3560,0.0031468199480968843
ck_def344d68f06d749,0.01111418009796906
ck_abbd1465fc730d78,0.0028972997702587542
ck_07a5610ed28162fb,0.009087279373420284
ck_7ecdee2d7127be8b,0.004140415268211136
ck_67858bc00e81490d,0.0008510805526982142
ck_b4ad165ace910222,0.006700652796084109
ck_30753ffe481a1b8c,0.4778660585381352
ck_c401a26725b17177,0.0005643686339548768
ck_819988d8a7f26415,0.006645808946804827
ck_3364a1d9261b3638,0.002500185262265537
ck_c484c5bda389bf20,0.0006462329903910129
ck_ae416325fef92c9d,0.9866005046558711
ck_5517b9a865960542,0.003469810912946214
ck_a0e96fed380440b2,0.005472155251428433
ck_e83409471d2b0b44,0.006092548424449248
ck_127273af97d7827d,0.003930724364095312
ck_aaa9861c91bd14dd,0.021786550646659655
ck_a378c58294001a36,0.8919063071914938
ck_abb9d65ff1f95b64,0.005985995101557728
ck_a5ecbefa849ae569,0.004564266772745236
ck_aa9953c0ca2bed7b,0.0006679005204697295
ck_40bc6de252865f32,0.005893658743028104
ck_9fb11688dcfe1513,0.19284716268520236
ck_ba68841ca2ba073d,0.004378732102163688
ck_1d3e561a7d20be0a,0.99216500394589
ck_99a92d710a29c1d0,0.003235988744748533
ck_ede2e887697ffac0,0.001245473094752534
ck_e6de67c0d82a7b83,0.022524783192166886
ck_6b38763bf5ddbcef,0.004744937182453935
ck_8dd44eead7d765a5,0.026018156852559038
ck_30bf5b0056eea9e9,0.24507316258413825
ck_2981d16f8a51a8ed,0.03359911519128346
ck_fc60f42c68c7024f,0.018702508125191062
ck_8e2b2251ee224aa4,0.02658138253416874
ck_1906f0dfaf6e9bad,0.6861456095891977
ck_dcbe6814fc4ca0b4,0.025635518012750335
ck_f7e958a286ae3b57,0.003992941354953503
ck_713649668a7ca824,0.04355225783641828
ck_6f73cdbf9305e2ea,0.00395618085570938
ck_dd1c490050cd9051,0.020121658610987
ck_e30db36e376606f7,0.215146348241259
ck_740d8fe8028b5a2e,0.010623579863945297
ck_ebbc9418cd41f692,0.0012767289722880773
ck_7b3cc6cc3f250f39,0.009060084864872451
ck_1d30eef7110809e5,0.750061834201432
ck_77e0589ab339ca66,0.0016655880395428314
ck_15ccbf8ff7d14086,0.007825813369475644
ck_246989b0c288664f,0.0206848652718877
ck_fc2a6e27b10b10e9,0.0010326859312629107
ck_8afc1112c12f5402,0.005537935066327439
ck_a76e8d83b9141364,0.01108845388224983
ck_51d3e8dd7465c015,0.0036759901566174947
ck_e7b4016909405981,0.00032818233648383287
ck_e7a3cfb9bf908e80,0.088709261767597
ck_2bb49dc2388cdc1e,0.0013595919532444368
ck_94f4266ee7871345,0.010738418395135748
ck_b2c896beec146477,0.006596431539395079
ck_fcf5d4a4748cdd53,0.0014193864124701504
ck_fd0483639811f62e,0.19320419695418997
ck_9a21d183524734aa,0.01988503662980388
ck_1df4b46c0a4c317d,0.05275188514495921
ck_638df9e8a22dfe0b,0.0034983664741581044
ck_65acc43a6dc3e65d,0.0017340986217948835
ck_7c67b73196e3d0d9,0.003615935273727654
ck_b0ee3a98175b462d,0.0023070678714434915
ck_20fad010969f1abf,0.0010386006259053627
ck_54b087bd873af8b8,0.005939238177739336
ck_8007824431fa803b,0.002025045315760985
ck_23aab322810b9fec,0.01532215688915253
ck_c8001bdb9aafc8a6,0.006796788997896188
ck_3a34c3ac83cf84b3,0.00808729469059074
ck_60187ac2c473a662,0.987194431813328
ck_6a0ccd7357979f0f,0.008954605135980216
ck_27f20337bef5ffe0,0.052206950346037374
ck_f9fc468915afe49c,0.05087341534916916
ck_1eabc15a94bd9009,0.008479141997292966
ck_26896c494b2768ef,0.008678563839578898
ck_348c874eaf0354f4,0.13157768538129472
ck_be9c46acd216b45d,0.03585833089476653
ck_a3cce46d15cc20a2,0.06393784498745647
ck_70804f60d9704128,0.0439820220984008
ck_a019151ca8e7527a,0.0363728256682515
ck_571133b2aa8ead51,0.01646565849134302
ck_0afa4449f20d5196,0.002550402193224519
ck_4d503c41cf4e5034,0.016556640405070537
ck_d6fb9cc5171e3e9b,0.4523893731581921
ck_05ed92a7c3e10e5d,0.00605806570188587
ck_bfb067986660afe3,0.02237416978690555
ck_c1a31690c8573226,0.00110644945741122
ck_cb88ef3dc1f42225,0.0033342272919420863
ck_21e3b3bd998745e5,0.021997881486234702
ck_cf52e46fa54e4540,0.0073233355462847954
ck_b72c7ac4208052ab,0.01647041151819676
ck_e6465c56b337e6c2,0.0071823268160977885
ck_5f87eb05d18186c0,0.0017572704567827432
ck_263f6c5ff26b5e98,0.15464218111537323
ck_e0b7e2c0bbe228d9,0.001443423153398081
ck_b657ae3c146cb7bd,0.00037170620003673205
ck_abac514d8167ea58,0.026614884727021754
ck_024dcab126876002,0.006309677161295374
ck_5d8481e2b38bd99d,0.0728812698411079
ck_edf229c17d25dac1,0.028326702996593393
ck_6cb7c97b72d6b5d3,0.020342866428503713
ck_c96ae2c28086a059,0.011993118220749405
ck_2f241b97c0f8389e,0.00922835863963066
ck_9158bdbb63ee8987,0.004576833415666419
ck_e7b40b60786c1530,0.0018925463394243315
ck_66d38518f68e6194,0.0007431521417934882
ck_8c9b57ad2a991416,0.003863557875869586
ck_cc91bd7152d3e9ba,0.00572732175146301
ck_0d846660c7957a88,0.011733855838138487
ck_60896cdac2212bea,0.06457598166748284
ck_dc4db8b932df49de,0.09827838011077675
ck_2dc31db181150e20,0.006956776690146778
ck_2f138fce1171e277,0.011980627710073454
ck_68b8b859a6ef505b,0.011402713211795368
ck_c3fe0c6c5e1f40f6,0.00856310488754098
ck_15886fe84866de92,0.005014361210766128
ck_ea269b35406473e8,0.0017003985086969326
ck_3ce7cad1f69b71d6,0.004069465086019844
ck_054ed4288ee58d6e,0.03604579585832498
ck_3d4913a86f207fee,0.00815486180067912
ck_23ff85f9d2355e8d,0.005470329833207338
ck_d87ab3261322216a,0.0012329982654380519
ck_fac046ce336fe39d,0.0021669848003835392
ck_beb97e498e6cf8e8,0.01656492723860879
ck_1f517e0ebf397b51,0.002075109641299497
ck_0af57ebaa45877a1,0.0018700227443532254
ck_f99bc1732ce5e999,0.03607633223562851
ck_abb056a9deab275a,0.032153351395910315
ck_0bfc394c5faa65cb,0.0018374846792284765
ck_ddc865af1dd5670e,0.00810702472717129
ck_68b5542459638b56,0.055762909840647405
ck_0b1d84252c0b46c2,0.0008955582335509179
ck_520ec32c4f253604,0.01172096066586815
ck_79ffcfee599d77c7,0.03436391601542678
ck_eb224c0fd146253f,0.03686461177560136
ck_0e477084434da450,0.014828872532669629
ck_07840bba5570785b,0.007120850519320629
ck_6b67fe8e310ab865,0.003953384315515337
ck_e2a1068c2fa22525,0.022375090719370473
ck_b9c6b32f6bd92a3c,0.004009695737507853
ck_c1e7d1021ae58f00,0.0007084794569715002
ck_5d7801201749ffde,0.010180950721336136
ck_c8806749e263f70b,0.0008079504954727368
ck_c9eeab826781dc91,0.011843925980300046
ck_309a432c160a17b3,0.003632522223085842
ck_b22e3337b8e3dbb2,0.003940381664068037
ck_79c30169c71b8033,0.9625437353092102
ck_5a6593d954085775,0.0036373929801100666
ck_70b9b79ea1aacba8,0.014288754741120735
ck_63743141ffa11f45,0.004391776922931939
ck_dfd3dbd0d97a642b,0.0022932990374423946
ck_635646a661f05b4a,0.021433829903834373
ck_4b123d6931b6d0d7,0.06468413131310288
ck_f2b0e7a47f442557,0.8667002889150425
ck_1b1df006b81d38ba,0.013008524148715577
ck_360237c1bd30f4bd,0.006434169564720695
ck_5e84bca0e362da20,0.027825508549295438
ck_142dba210ed2f3b5,0.013510911273140747
ck_a3564236069e3524,0.006941316695994228
ck_cf36d8b070ded782,0.026623343837426528
ck_ddd6625c5eddad70,0.0013111250981654972
ck_ad54292a0b2f44ef,0.00459567957942268
ck_45cd5ef6b359e9b4,0.003928697705875512
ck_982c2392238b7be3,0.45059913998154355
ck_083e4ac78685c3bb,0.09191960759547291
ck_729cc0b46cc2e546,0.45820928558052143
ck_f2b8995fe5402759,0.0018667620823193548
ck_73e24f5a8da289b3,0.03985463304494693
ck_bd85f30c36f5998d,0.00553047696322367
ck_ee4ff3aeadf912c1,0.004084021559440996
ck_63d2978706e193d2,0.015071024236782027
ck_6a0684436a1e66c3,0.5675021684980224
ck_182dc4a2f5a366da,0.0016833302766895062
ck_e6fecb82fc2a82de,0.021726345332678934
ck_cfb06f07394dfe64,0.0004275985203022288
ck_7bbe1dc8add17ef0,0.09925159333214897
ck_5cacad76e02c8e3d,0.9532109010238543
ck_ca68dec0c7df5a12,0.0027201606267360004
ck_e4c0fc52c82065d3,0.017365357431533824
ck_f9197b070416f443,0.0020373708612367136
ck_2a07c7021b71cf65,0.08776621163245743
ck_4fa85cebf707de2c,0.0014393432655428503
ck_0063d2a9507467e5,0.007716608657429352
ck_ec986285fff05b7d,0.0017934501884538396
ck_279d43303708109b,0.009859504104883765
ck_a406bf11e48cf8c5,0.08425830264083461
ck_064b2aa3f0bfdb6e,0.04578093276110403
ck_95790440bc4bd2d0,0.008141017934611243
ck_70066eea13b4c34f,0.0038423375303082313
ck_19468fe07e26f992,0.9608944667912824
ck_86bfe328e0a533b9,0.8570406316982727
ck_ace3b96c977a7560,0.04035497382525591
ck_642344e5c652d8df,0.030552269013644592
ck_074be35c951ae10a,0.05360390930530212
ck_f14dce41036486a3,0.996925797194488
ck_5cf67a3a747e684d,0.010687117542534602
ck_f7285b92648c1c81,0.0017679484868064808
ck_bef3193f124fca5c,0.05467550171112768
ck_05c4dcbb45de1f8d,0.007350690313218975
ck_d7c28eaa05bb7144,0.003831443597278229
ck_320df984791a1b99,0.0017109230946364589
ck_f45bad1606fa00a7,0.004574715441596856
ck_6f81c199e986d9fc,0.0220248778006381
ck_d0c9633fed57c344,0.0116673684404181
ck_a3c25d6cc7478068,0.0062775836857418684
ck_4185506d12cf9fa0,0.0005068717435379483
ck_7a02ee1bfba7353b,0.021726345332678934
ck_1b52590757c0fbeb,0.011127605507355304
ck_a0e5656e1cf9cbf5,0.002694890531826019
ck_ace21f6daef94f6e,0.009090011439161811
ck_646d8d0834782d6a,0.19300611528795253
ck_1f136a4476b5e775,0.01601502432358882
ck_325c7643cce02da3,0.014344544808102946
ck_9b5e7fe28208f5d1,0.007825464371264787
ck_05d81b1a150f31c5,0.0015903693107015453
ck_0e9ec486bff403c5,0.007834994781804897
ck_ee13c091bc379188,0.0076879514491838595
ck_f7a7f8f5903617c5,0.006561466206297262
ck_96c3a3517153390e,0.033245155365826555
ck_538dad7f096458ad,0.006287234684498642
ck_8758fc6622bbb7df,0.011358423452590303
ck_f7e53af3c91fec64,0.016470244009624126
ck_80b50fad7f255e1d,0.0009204708409237569
ck_9645e7adc08631b5,0.011331196918938951
ck_e007aedbf37d6ec7,0.006620597970481181
ck_2951d76c41de2569,0.03598873432787251
ck_9439bff87e616d4a,0.003781415797260388
ck_a73045e96af0e4fe,0.0185539310021275
ck_7b382e533e2e925a,0.010180950721336136
ck_730226c2d216cacc,0.0024807403691678156
ck_bdf837d761a7cec2,0.7219554764641081
ck_0b34197335ba3341,0.024016059860442925
ck_49170c4b31a20f5c,0.0005032476863833312
ck_cd553ba6589d8bfd,0.006686669462353233
ck_56b992c6f136fa5e,0.07324183410553381
ck_8beae3d7328fa41a,0.01707931100657573
ck_1a065ea906ae3d6a,0.0038580912573409377
ck_e9e3381d5e0e5051,0.0018679621829706164
ck_a6d4f998dadc90c2,0.27938047452987547
ck_d36733da917115a6,0.021527318649193977
ck_e738e920bbd74a7d,0.00578445547152168
ck_af65eb885a51048d,0.0005546578350527392
ck_73f4eb09af29b1c0,0.011485026843416936
ck_8fc641b1750a2542,0.04684582864746785
ck_41b954c7a948c060,0.0035058843851908075
ck_25fc3010e8a0f6d7,0.0018843248815620048
ck_a2624e0387974e0e,0.015583781594706726
ck_5cb9d7b2329d5ab6,0.013212567035425523
ck_6c83aa1d100a7cd8,0.4020198954969903
ck_67025c64588abd1e,0.00044657334976305106
ck_f5dde68f6f0468e1,0.000839841036079024
ck_46bfb2cfc29a6d2e,0.0026623126806898374
ck_49dddb894d33f6db,0.026238070342415005
ck_f738b633b8862d18,0.0002434942552789446
ck_3d6c3c00d854f5a4,0.13687125379615947
ck_cdb8061d8d1a6c5f,0.013233095734757231
ck_5e1b81848718bdc3,0.009447198907590375
ck_8def763034187436,0.014278909940440569
ck_8f8e4fb9c6190272,0.005485914902396386
ck_368b968b5f33431e,0.0020887850141026176
ck_ba7e347251ea399b,0.05479609243021374
ck_9075432001a64e75,0.01488270682054842
ck_73c5371635aca173,0.4748464449617919
ck_81793387b38047cc,0.0010817970967208416
ck_0cf220816e320ac5,0.0052664305700424515
ck_820219bb9c761b52,0.3775902819076961
ck_70a932ab39d86a24,0.00023686186652369069
ck_2c4be237a7ed79c7,0.0013582140295354712
ck_acc764b49ef02826,0.29682602296745264
ck_74c3c3452e4e7cce,0.0013530539333672777
ck_34dfb57e5bf31d2f,0.003848597207675838
ck_6ec39903f765956d,0.012202445125635925
ck_5986119e7d81e831,0.038026839206234495
ck_2ddfc948b8eac752,0.23946453736701095
ck_921ff5ceaf40a968,0.03616745447501952
ck_fb3b68b4424b5f92,0.021634664887423688
ck_c3db1b3ad4f16679,0.0050856565442741145
ck_124a197be41687f5,0.00791303887144051
ck_c58d9151834f5bad,0.0066537290553009545
ck_389607982eb6b701,0.5876430800396564
ck_fb0c138c003e933a,0.0007822873750189203
ck_50d0bb7edd8c69c0,0.03815838163259775
ck_c6cb651149dc9a8a,0.001349978004967671
ck_81e21354e477eceb,0.0696971336214521
ck_7696e38b3e4197b0,0.024409621992838543
ck_586001d3ed9e7fbc,0.0008521941136177014
ck_bba413492dc46f2a,0.011353512591170687
ck_95b894380ad2702a,0.06652833268820713
ck_277621473369614f,0.9990177704463247
ck_a50621b5eeca84b4,0.0008779576717869015
ck_bfa7ba218b988cde,0.01635132795489583
ck_5ea89567dfe78e4b,0.02532314988826377
ck_6c679602a6476ab2,0.00408629536610664
ck_d3885e286b3b11d2,0.01832504618537958
ck_cdcf6671b37c9c92,0.0125102635761356
ck_b5c93e6d34f8d366,0.0009588674095017825
ck_c24f61925dc158d5,0.11587774239828515
ck_cd09375e6c81d2c4,0.007773013233028277
ck_a95afc7a00303a26,0.009734394306374721
ck_8e89ca8b39f3f8ad,0.0011713706548731617
ck_9a84b396aada3fa8,0.019488389658015946
ck_5124a2e415384945,0.034390248643928895
ck_d66bb1f063357f99,0.0010503775770773773
ck_0fd9312411b0ac55,0.02307395384575684
ck_ad8cbe6e27e47ede,0.021726345332678934
ck_8398adeaf41f9cae,0.015384755967635827
ck_dcf851e7bb5855d0,0.0006890923830754994
ck_9affb0f26776b642,0.003029658636823739
ck_f0424b3b36bdbef0,0.1123431997644346
ck_66746d1090d6d9e9,0.0033773932604228268
ck_e5f8c8a5824db594,0.05850490293362894
ck_3e91dcc209431984,0.024252853384804374
ck_126a82e8d42e5ce6,0.001604987455291514
ck_38e4a74ab256e2eb,0.01064981811586522
ck_1225a97fc413a419,0.03593452490908289
ck_9b5ec0f78e160e65,0.0007162908185743401
ck_7c5529bcc079600b,0.012406874417852733
ck_29640fc2fe81c251,0.9364240493056578
ck_160e9ba0a3f7c1fd,0.009929829686216203
ck_bff090cb4ab76b9f,0.004042460879805937
ck_aa06ed358e43db69,0.1493446790959686
ck_7264486eb512d84a,0.0020018700844901508
ck_f5a32e6160b28379,0.00905011950136947
ck_4ba8bec14c2217e1,0.004247696527020947
ck_610815786d729d2f,0.03287597475832324
ck_e267999226b6321b,0.00021654350999416718
ck_f3996a3c8eea1ea0,0.010399984345387152
ck_e9b75ed7567a3f23,0.004762072710603662
ck_d21612d48bb4f7b8,0.0023660733168940525
ck_1f871df76c6a995b,0.012781612218811387
ck_953bd5de48ccd70f,0.7944446297565633
ck_02a9104419a6dbaf,0.04802241239514321
ck_1eeeee651e05d535,0.08723769947232805
ck_e2ab04136a442a98,0.0039646866298399756
ck_f0d806624ef3d359,0.00921856344239937
ck_4b68b38c1b3326a3,0.0025886754139335597
ck_74e60495f8861156,0.005915342549253142
ck_398f3f4cf05c721b,0.000997360026579215
ck_f761b7650a0c1a85,0.005691975298620251
ck_7dadef33f5e2d94f,0.9884699241506253
ck_6ff6883633b8c7ba,0.0006411502936412443
ck_4d2159603045109e,0.007753143788274689
ck_a38bd07a5fac5c9a,0.001297196845873743
ck_f517f06551e69507,0.0017229375730024785
ck_a7ea00a1760ad561,0.9974976069457844
ck_31fc51d5a3dfe16a,0.016403821459355483
ck_bac5233623b25ca4,0.015558194618711156
ck_385188ab27784fe3,0.13396500686178428
ck_9947a323bab5cacd,0.062114772611316364
ck_7973edc9f22ee7b6,0.012898139555483206
ck_f97c477986043755,0.0025392054869781727
ck_1a3fd2cc4b4de196,0.012169146234686913
ck_e18ac29ea62cb435,0.026456660121471656
ck_9720a472a3e0140c,0.003793018707665858
ck_668c7fc7d7e47c0e,0.019234783268750076
ck_214af0806470ef48,0.008487063846296349
ck_a46c1773f01f0be7,0.02487652234274421
ck_f2bdcfb4203ffdee,0.01991807820849829
ck_40e84e6ffe788a4c,0.021503636139959023
ck_dfc6f5712d8d6678,0.13236624175689168
ck_01ef1036b2e66a4b,0.0008503341143196825
ck_3acfec10eec32f9c,0.01628966876317624
ck_084a85145c15ed77,0.03508366168492298
ck_fcdb4fe2f095fba1,0.11398218049989615
ck_023908db0a193076,0.28025907621493873
ck_fec0ff92fd622253,0.009013964342215028
ck_c009c97d5fafbced,0.08806710970652566
ck_eb9f0c06ee017ee5,0.013723937498329947
ck_d7792b429620fc24,0.004109026690106557
ck_5e9e149a3b69c726,0.03327804556642752
ck_ce927322ef8f651c,0.02771074284132341
ck_b8fd61a8e82bce32,0.9982084316915881
ck_9aafc33fba1474cb,0.0007677732851755222
ck_ce81ff9b8b35562f,0.048937579665136136
ck_25bfca1d8eaa152d,0.002072505600508267
ck_170c65860e2a7e23,0.003348243738080403
ck_952da7ca9f33decb,0.008569302876645226
ck_1ebd574406235957,0.004294229371561993
ck_589109a188adc2c1,0.00447338453291391
ck_f0cbd5383bb07778,0.02837869321047645
ck_242521e261148fba,0.003936099737203922
ck_509cece86a558de4,0.0016237356498235718
ck_0dd7c5925d28755c,0.003523689389413196
ck_a7e669cf1c3985aa,0.019270985152343375
ck_acb84dc2351eeb76,0.0008180392348597101
ck_b837c7dac2a9b931,0.012875163464848516
ck_18eb1f9181f95df4,0.0024681052637516533
ck_b0b9047dddb1ec84,0.9842350647593133
ck_43aa136bdb0a2832,0.4170213584433531
ck_3e47f8c56c811700,0.009579847626420933
ck_77c587d24695ea15,0.01259526817576804
ck_20578ac693ea4e93,0.011470156762495852
ck_b9f6040eebd1605f,0.04936649721293166
ck_ca9d86f65cfdf018,0.005226986943806249
ck_a4fa8833995c716a,0.00691124693931365
ck_f589f1e29301b5fd,0.017393954150225203
ck_961ddb8ff55d868e,0.0008088048904288962
ck_5662492a54e6688b,0.037221195921229105
ck_ad48826c1c26eb78,0.45257733289268226
ck_621c9ddde6bf2eca,0.02393119071637937
ck_417a3500b2c717b3,0.04233250050956398
ck_c7e129058beb3ac1,0.06322637954527256
ck_ec1c902b9b9b9c5f,0.08597734667725442
ck_317360ec0a67d27e,0.08344551406192642
ck_3e3ea5d8c4a229dc,0.1479772858199753
ck_d11d27de7bf0b973,0.2755115234011266
ck_d37d56e931105db0,0.0031328060490034286
ck_4863077723cd6ce1,0.0009356465937381981
ck_479a065d5903e9c3,0.0006664299927422516
ck_e66ae4fd586fedea,0.003159731802334319
ck_192bbfd0d5720134,0.039137073782336024
ck_3b436cb29af99f3d,0.02051090128664325
ck_7c7ca54969eed187,0.04853871346025209
ck_826ee896c9f1144d,0.15938304230796915
ck_ba1f6dd43fc8a0b1,0.0031279852521464467
ck_49685deb63e4e8f8,0.002916473221287307
ck_687ab5d5554bfa79,0.017651360294666088
ck_41346ccd9242cc8f,0.001703151899417703
ck_8f8e5e2b9dfec3d1,0.039293569667236544
ck_94d5ce61a0c50465,0.004362489918299697
ck_6b954c75aad8c012,0.020288926355244957
ck_748af92828c9d288,0.004418541765028189
ck_dddd14091ce812c2,0.04445342504835903
ck_723323f6870fab59,0.045915084369012565
ck_dbdf8d0708cc6718,0.003842721881873997
ck_f04938570a154de3,0.009379709161735921
ck_58afa1550b3b5294,0.011561736435614822
ck_3b150afde386ecff,0.012779652697188481
ck_666b95e75d99ec4e,0.9554756396756544
ck_e00332597cf1eb24,0.02555297575250108
ck_9a9e3dac79280d7f,0.03423124336660589
ck_e8d37262e859d9a1,0.021726345332678934
ck_895bb39d24bc1c4c,0.000421543972212801
ck_b367449195e36499,0.006564244094206113
ck_d23f9a50d1135ce1,0.05785170527672015
ck_670dc4910cf476c2,0.0012226043625464733
ck_3ecd8a5ce65e21ca,0.0026421827814639472
ck_8584fea2df4c6317,0.02939089390650636
ck_0789ff4562202b20,0.00728832738408412
ck_749e0e50c3907be8,0.0051367202313945025
ck_c3ff6790cc6d7e34,0.000572287036073023
ck_75fb7e56432ee4b2,0.0016190644836242528
ck_529fc3170fd11abd,0.06348832539545504
ck_34a69b3b4a681796,0.6282867804135016
ck_255f0e5888ae9e23,0.007641772430846473
ck_65be698386474170,0.0005114776712642929
ck_5eec9ed855c26000,0.0014295064967106634
ck_5ab39bdc9610f6f3,0.7035927154432373
ck_1b5b75762f033462,0.012103966166789411
ck_d3e208671cf37f91,0.9465110973496711
ck_5068ee554ceff971,0.01766495214337682
ck_d7d50fb57fcb2d0e,0.0017029909902488592
ck_ba6e1115fceaa067,0.15551587724251173
ck_d07bfb16a4a7dac0,0.8837719637295965
ck_ead68310311690c8,0.8671399191937951
ck_ee53ce862bc9c111,0.055705993856787164
ck_97e56e6037024dff,0.001090708149425177
ck_80b04344c98ec072,0.006134532320684585
ck_5954f45a2ab45f43,0.005900619183657457
ck_18ddf7e836256e3b,0.014238173645696071
ck_89a1a780144d808b,0.010146928484307068
ck_a7331e8b808c39aa,0.016673741029473665
ck_a1fd0ad03ff9b776,0.053002902614762724
ck_c0cf50eef030b401,0.0012629849967879
ck_074f20921189e7d6,0.0036975575787236417
ck_e2aa7be60794593d,0.17270415626043395
ck_72771757dfb7f7a8,0.014241795622358402
ck_a9cd84a6dddfe584,0.021118303107411175
ck_142c00f9f8557504,0.02799312069128556
ck_221b5d40358230f4,0.021041362425805215
ck_a2d7a563f520b7ea,0.0046923235143111865
ck_66cd34bc568d95e0,0.08232734842707207
ck_a17128972d3e507d,0.023196839781002218
ck_bda299466bb2136e,0.012237272040971952
ck_2b699066665abe8a,0.022225111318186084
ck_0ac9848bd4ba0c14,0.0003169375529630103
ck_98d2f9a6ba3a3077,0.3769615178907181
ck_a872df31b28a5f7f,0.08676619633693118
ck_7e73e1d44ce82ed9,0.026157870319264333
ck_1a415416f620d49d,0.0024136983618558935
ck_c95c786d2f8b8edc,0.00263805163166305
ck_e45012f22b7f91d5,0.0010359228387548831
ck_aa0b083e2a6813eb,0.004676448207732865
ck_4666232ddbf77756,0.002574610696253256
ck_e08e9c8ec5f23d8b,0.00894266456902762
ck_31d4c0518e5f52c6,0.0019506942869704285
ck_c1ab40638f04cb02,0.008870314575622292
ck_4c1fdd1669c7cf51,0.0012029535078266313
ck_11662cc7940ffc82,0.07760195364753981
ck_2e679af24adedac8,0.010004051952461403
ck_454b9e21b7f25a4c,0.0011276894698580163
ck_355c4f29089731e8,0.7424228647245025
ck_507e40760a24d2d5,0.04347005509082444
ck_0943e0f305078e34,0.9400236974327734
ck_abc54ed7111e9ed1,0.0018914828043587208
ck_a60fe02fc04407a9,0.0589589957321651
ck_244b897bb4d57c1f,0.0072460439964495095
ck_8c84fcde93a04334,0.0955426450559426
ck_9eea37d2de633b27,0.0008472916066521594
ck_b2cb9e6610eca967,0.0047689587605191566
ck_09aadb4c41b166f1,0.0854525790273863
ck_8d94fbb4828ef326,0.0005141584977655207
ck_089e3a07abbe3b8f,0.004457329758559443
ck_dfee9de05e3971cf,0.001541522112517035
ck_6abf8302ce052451,0.076043796644653
ck_6ffa90143838a4a2,0.0011753651511287222
ck_325caeab5c7a9c3a,0.017527597962433816
ck_1964ee9db929a173,0.7605168989576827
ck_942b95988a6245a6,0.04659308161722057
ck_913ecdeeb8e21a9c,0.001199080259723984
ck_ecf9794349eb4b3b,0.21424493632407357
ck_b6cb8d6ae828eed1,0.03569851187135016
ck_2f82ea66c4f53b33,0.09435405156171245
ck_6e676daa4855b58f,0.05740998507175307
ck_2a37fef48b44e9c8,0.01278524333580253
ck_3bd12d468fdc2450,0.02514563487405639
ck_1a28b6a40a6bd3b4,0.11763341736052496
ck_61b79dec96d15713,0.0019052857101771914
ck_31d5e3daced93d3c,0.00983171130651462
ck_e6c8611c0cf233d7,0.0017982433868315442
ck_f04761b4a937ac3b,0.004501522104650139
ck_38c1c75cf055031b,0.019632400565762032
ck_59a561f3df01441a,0.05288790762190964
ck_04e40f556a5062ef,0.0013666457916679535
ck_8409716d174635b6,0.007786297926393104
ck_3019afee83342701,0.03733688730124556
ck_b51a58e7f032c9a8,0.050973239886615965
ck_5043e474f848346d,0.009915919570463309
ck_4388abce33ecd01b,0.5815886149950018
ck_c93def7392f0aff5,0.19909878298171244
ck_72e7b1acc19df820,0.002321944606942936
ck_f253130dc3ca5b3c,0.00626336956459737
ck_eb264d1b180d4b4c,0.10422308161369315
ck_c2504f5a113433ee,0.000685935482625899
ck_c16ab1e4dafb4910,0.09906792384594294
ck_4bc42878fa180991,0.012045456087014475
ck_1c771a7c78f6622c,0.01640638249368765
ck_d523f0e50a2747ad,0.006351036492325988
ck_9060f4e7ab7a1b0c,0.010427635897054213
ck_6b55ec4e87a5e22c,0.08777160541193384
ck_55fc62a5f89a7251,0.009117957804401196
ck_bd2545c62f258231,0.2426930761252088
ck_1ccdc69d0bb712b4,0.04493073118901288
ck_710f867a3bd5898c,0.0008274674029508778
ck_f91d48c40337d375,0.036663282749981804
ck_f76d929541ed41dd,0.11010556465721338
ck_e26a6659c237b650,0.01973763733365821
ck_184983177b73dea5,0.007826159241441005
ck_6d0d081bfa8a0022,0.028551362616609493
ck_2f6e64f638da0f97,0.0006930873066570413
ck_15b93103ccd38609,0.004290004503413066
ck_094d10439b7b4eac,0.002188947385585568
ck_d2ca47180a926ba2,0.0005678923828426973
ck_a69ca7b9d70972bb,0.019425385014436282
ck_68914e67343a7d32,0.003683959759868419
ck_8176616132458c0f,0.007949005180613694
ck_eee99af3598311b8,0.0628280026846888
ck_94410eedfca91304,0.040730276592030684
ck_cfb11a0a2325bff5,0.004323742342752621
ck_75217ee144b715f8,0.04408167999411026
ck_d56fc799542299b8,0.000976619549421586
ck_4c352dd3e7c81269,0.014710786072722012
ck_e23e50e02cb3904d,0.04691537635988874
ck_b921af37d500e139,0.002686023950925241
ck_82181b935360dcbc,0.9473200492490133
ck_22a7cf3b99c5e5fd,0.0290647087689666
ck_f67ee7910d532216,0.005856676410997556
ck_5f48762a14a0326f,0.0008518077032074789
ck_1757fcb0e6e3f88e,0.11577560560028913
ck_2c2f080ba185016e,0.026681290636918143
ck_4c25570eb72711b8,0.0018368108530018145
ck_a3be871ca22ac416,0.00838238350121961
ck_ab70961e7c6695b2,0.006765699533855601
ck_a1cdebfc42a52448,0.0006107990813767132
ck_f1b80b821a20186d,0.06025791125113847
ck_ae668e4564cd2aa1,0.0035683968597130934
ck_0e2bc3a5afa439d8,0.0540507954611674
ck_3dc378f37d0b74b8,0.010972373900048375
ck_9f9555197480d1cd,0.0020926786152308447
ck_bf4e7d48770a4a8b,0.014639517280926568
ck_614ef655f0685060,0.0020990433134399963
ck_04d2ea38ee27770f,0.00026841086631293053
ck_e03a9d8ac94161d5,0.0013114612194580402
ck_d4007b5b26d9d854,0.0007864906161787663
ck_2dd147ce6d61749f,0.023999863608148486
ck_ff45764ea7d6619f,0.019926356654841017
ck_dbc487cb0a6c18da,0.8643486377944362
ck_791d5392bbd80447,0.003568792527137085
ck_b4068439c413b150,0.011140258937160053
ck_85df7b7de9700aba,0.001873630801198777
ck_001e42551cd06e40,0.005977356569130157
ck_a6c02ae50932cd9d,0.001683383667670406
ck_9fd0be2c018ff5e4,0.0020590772095456333
ck_32a495128395fde5,0.005977674877900243
ck_b6f2a2fd232c141b,0.006472829859848343
ck_28dde633692904b0,0.1040902508697328
ck_a1a93c5f375f6021,0.0007460567798988802
ck_e3982142336782df,0.026710106145312877
ck_a9812ff3c111ea94,0.06318665424027468
ck_f04062216f95fa00,0.014113584439958212
ck_7c560467daca735f,0.0006879054377355491
ck_76ee10d6e2dba70f,0.16878821047599094
ck_3521243bdac61178,0.007366203695044888
ck_28588fb03b320520,0.08868679526773132
ck_580dcec33ec232b8,0.0024409759308138008
ck_7109923fd7dab20a,0.0060774154777770584
ck_7c872c99481c1e9e,0.00836626620585103
ck_46f4e1f5026f4d1b,0.0009184461094884067
ck_00d1ebc31ec4653c,0.0030294557129816216
ck_aac70764dde15168,0.02319472315018579
ck_648c03f9aa4e45f1,0.017478953813330915
ck_5478eb69ef912785,0.1700786256220825
ck_79b8523137bb2603,0.01906236197047079
ck_795c49f312640019,0.0003666943376795241
ck_89184bf7b7fe41cd,0.3003996241962576
ck_97d4bd922996fa10,0.023014828755057476
ck_1cef30d08f3a598d,0.0009977296504458484
ck_2f9fd36a4a40a6a8,0.0018713805659556334
ck_40780fc0f8d6f309,0.058555190671793024
ck_9083ca9fec2a7f4c,0.0038965186935659333
ck_62081bc35aa59931,0.009112410356887457
ck_2e1b46c5fc56b863,0.04143859705783773
ck_3d139692c51b604a,0.05227275831276041
ck_b5e54e22e3d6960a,0.010180950721336136
ck_c0c4be3f44311b04,0.003537770387632257
ck_82a8bdd2692c2a5e,0.0018797242435387715
ck_bdd2da300b530c5a,0.010613548206990255
ck_ee40498cd97183d3,0.0018667620823193548
ck_70b9274473bd6dfe,0.007176672575592236
ck_473d6314ea614b29,0.00791035514110036
ck_7443d6dca8cd1352,0.0025140397223729297
ck_3b49768b448b071e,0.0045983985960213435
ck_b43f04431c267dea,0.0014866157317407814
ck_4424a5223ba2fe00,0.054997992742678053
ck_819bf3e8231f4081,0.10438416026630466
ck_91d417507a8c58cb,0.25593545619262525
ck_e88e86b19cada4aa,0.00705602718888811
ck_59684167f9c6bf4c,0.05972406991386314
ck_d5f5b0dc97b9dc27,0.005432860340553457
ck_13d1b192bbff8f32,0.014655100910892806
ck_b21d8630387cabce,0.006039849365404821
ck_e4ac22046699b99f,0.0072085079360345375
ck_74b848064f2ff45d,0.006648934314341602
ck_166aa980cc87fa77,0.015029427958622343
ck_98e337806104dd88,0.00949939907817301
ck_66eb09be007f0755,0.014183676642019303
ck_3ec9b9d8dd7be11c,0.026103702616904593
ck_8b8b9de339d75d0b,0.017258031783263315
ck_6715139e240007d9,0.006200975032302464
ck_a0255ab46e122d2f,0.0010834278189294619
ck_66e81a4190c33510,0.004493250384483162
ck_5d75ea4f5c9080bc,0.3621168623412569
ck_df69858b8a8b3165,0.010180950721336136
ck_e15252ebd7553422,0.0004958193529000205
ck_34d6d74bb3ed11e5,0.0037516734042379136
ck_c2608f78f6851d10,0.03895276480307551
ck_bb99071e8f58c8a4,0.09374585104151237
ck_06010f0df5b7cef8,0.0040113668503299026
ck_8c582eb0f6c0148c,0.0032421539949968434
ck_0034d010d28aea78,0.009738666433811258
ck_01c1f06692566ca1,0.010368275465862366
ck_4807726e797fb893,0.013084491513892701
ck_edc9668282e3c8cb,0.025079913119230357
ck_5486768475af7bb5,0.7426462507835765
ck_3fb9813849e51837,0.0032027030080269735
ck_861af5a9a9a6d619,0.001238310392824633
ck_da39653add0f1109,0.0002893758045189032
ck_74a4244eb1f162e4,0.0012826487523344753
ck_9a930faade55b8ea,0.0016935516911643514
ck_fb6e06ca88519dcd,0.003399616450842887
ck_9776cd8263a9f415,0.0023605102760181373
ck_b3dd1198ac5aea73,0.013881955808482498
ck_b6675a04df1a4276,0.0005948420621681148
ck_5c7ad6e731b69333,0.061511533273205764
ck_28dc0fdbaec00580,0.058693835827641684
ck_8e7a32f7e3905f4e,0.019543647973275718
ck_8563fed6674afc77,0.019969180097261455
ck_9a2fcccb82da663e,0.006472407328191247
ck_6a519bdac0d94527,0.001620970680719482
ck_a0dab7aa9c4a39a9,0.005128260324042038
ck_a3ce05e9e5e32142,0.011472189948075988
ck_7a7e40ee3f97c035,0.056265539359876764
ck_9e9a830785112a73,0.020542991242297824
ck_ab1bb02f6b189304,0.21878289920873986
ck_7b8cb0f90fbdc8c6,0.00489232846199965
ck_b138fc249e659e60,0.014362705331417945
ck_e73caa3771ec5e0f,0.00393104696273502
ck_18a55b06ccccd88b,0.028039845876744074
ck_fdcb1d9265d8fec1,0.01632342684949879
ck_e21a900556b382ad,0.02270705863974067
ck_c6bf67470f526771,0.003308760531647691
ck_b568ba3837afb39a,0.0011937392470115827
ck_a2858979dd5645ef,0.0004906887546849002
ck_1da9d40837ebaa57,0.04014067194601031
ck_9341c7959543c542,0.0006660229960644717
ck_c8ad86806b9a2369,0.053217039080761155
ck_5c85d93ecfed4b0e,0.026937568247336268
ck_f07b09879d697b82,0.001449124688164067
ck_fe43da07608b1749,0.013954744236345847
ck_4bca22b5926b9c28,0.0026194586872599285
ck_aba573aa942b1d41,0.0025190530965742744
ck_57c14e32fa4683bf,0.0014235087437587813
ck_891530b489ce402b,0.0017457589214659318
ck_5e74fdadb93ff293,0.017152364377128755
ck_14436a409ebcc90f,0.011019061707720778
ck_00013fdfa0bd37dd,0.004083069848500439
ck_7dbe24ba01316775,0.019919126164556877
ck_0e3f80c1553c591b,0.009552357257860458
ck_3edc45db58760d76,0.009398383741146347
ck_29076a13f539187a,0.4859702640892352
ck_b1e81b58b9a545ce,0.013985067496177919
ck_3f8571d4f7420b2a,0.02631071691043888
ck_7dff6abe4bd644dd,0.29048348835277726
ck_2884bab237af16b7,0.03988443002384112
ck_231e6dd1fe708000,0.0011705577217166708
ck_33ecaa7b892e73df,0.003150116686138882
ck_b109ec4c63503030,0.002856882005441227
ck_a7f522382509cef1,0.002191808458109976
ck_748b3ea941d8b3b9,0.018957670414446237
ck_29f3a1737a2d9634,0.010180950721336136
ck_cee8d42475a0f020,0.02177153761566656
ck_c6b6ebe145a8ffab,0.00039150436752985354
ck_21c99e1d6b881894,0.001971590488929675
ck_5ad798286384484e,0.003920110482615444
ck_b621b6ffcc7f4848,0.0009632622621394101
ck_ea819e337233475c,0.5177812920070659
ck_9e3896c2668ce06b,0.0226237885911102
ck_501dcf1ead036d2b,0.0031707780624021147
ck_8d5eda29a2cffa3c,0.0013738924352346197
ck_4d3aa36ff83f1132,0.06537786803375965
ck_8e9faf94e3e6c757,0.0007277697636127786
ck_ce0ec41f96951048,0.008249348052682091
ck_f09165d73ee903b1,0.015029838554024526
ck_a432b1bf1d3b3d5e,0.05368464196671536
ck_ea618f720ff0b4b0,0.01409395842168202
ck_7584e7bd755cb28a,0.019985716022049748
ck_e14681aad43e1a72,0.07829147325337542
ck_5e18870d8e30e379,0.02282665735246297
ck_ff7c26a62bda8089,0.0015069864519377577
ck_cc5a35175d381d5a,0.005487342292172785
ck_3c25029e40aa8a84,0.0008056716225913763
ck_771247b5bc16c12a,0.0030902161932073926
ck_664b5e02759f985a,0.004950983404313531
ck_692a9e8f504b9762,0.0007495503501509724
ck_df8ad2deb0a4ffed,0.023529025699092657
ck_eb48c0bcd12ea654,0.048130334840342646
ck_7c77e597c951cdad,0.025582622824485368
ck_4f75144c6f3b13ad,0.00732473396960051
ck_1bcff399166d7c43,0.014769333862211777
ck_975c2aa3d4a8c51a,0.009826844240634477
ck_bc6f07b06aaa4ce3,0.12678244922555465
ck_80b072b7f3c7e8e5,0.009690588340899604
ck_471e4018a23b4e56,0.001342351196752805
ck_53cddfba570b4a3b,0.038128813214049394
ck_630530e50764f229,0.003933105340204859
ck_dcef7887a4f1e435,0.010669069345527873
ck_2795921a055643f6,0.003432715057165872
ck_7456df89f3792235,0.0008076771066814542
ck_5014a3b07e1f049f,0.3131009957559899
ck_d4ec44760cbe03f4,0.009207212241315623
ck_96810ad39d4cb7b0,0.012384621368718327
ck_3222ea25aa29bfa6,0.0014232376392174955
ck_f6c42001b84a10cb,0.1888253149601624
ck_5ac86682385c86b8,0.01212383867274478
ck_4280c33af57eb4f4,0.0011308696069372414
ck_05f79ddd8eefaa56,0.012994146756007463
ck_3a57a13ce032a6fe,0.001773417605525102
ck_a721f0d635fad68a,0.011125860475081786
ck_a3f821bdf408c326,0.012901402908037792
ck_0ada63008be5685a,0.01546488167976037
ck_8c949bdc6e8720fa,0.07977290478945716
ck_c0d2c56f9c722e99,0.9907163207077193
ck_5d2b9e6e087b8dfc,0.9985039947726455
ck_5217b55593a332ca,0.03528479572521306
ck_7a7bb9be5a7e48ad,0.009147275418192116
ck_24cd0d779e866287,0.0014606371042745448
ck_7367917891a63771,0.014505414890492894
ck_4b31a8862a857e6e,0.8709054454932086
ck_81429c4910ca46cd,0.0020771850113319727
ck_b35d803568f82d9a,0.01822810724495432
ck_4b00e75c2d2d0522,0.0008878839750175577
ck_77fced07f6dff42b,0.01614017648764983
ck_3c9a06eb07c300e4,0.007827819852929256
ck_b3867f7f494db64c,0.0022644096599929333
ck_0c45e54897ab34e2,0.04523457169262478
ck_507a6a580ab55c76,0.009900502257631989
ck_291bffc7809f896a,0.0007798008308932242
ck_3753cc5b9d02e2fd,0.0028781234052273823
ck_4f63d5245b3ac1dd,0.005168180313138616
ck_9dfb2ae78659240a,0.07934089034192675
ck_90f6f5ced708aa75,0.0004936668543984928
ck_8b5b5a6b5539e39b,0.8845290892002493
ck_4719112b55d20161,0.0218241644319911
ck_fec888a7108ca52d,0.9938718907453679
ck_4f5d022c99f118b7,0.021188753329076698
ck_e967ff05514b697b,0.04929005806381025
ck_839ce35819bfa4fc,0.0008861591594954531
ck_bdee1221b9addff8,0.0029360464868171746
ck_9cde4036d0914427,0.009524830191498999
ck_5ac959cbcc5e98f3,0.00035330604032706185
ck_619842688294dabc,0.0029667380173196375
ck_7373d7b04c7799bd,0.021939140692220572
ck_c1dd3feb9a0b6471,0.009691506844441365
ck_0324a4812ec319c6,0.003203110251085647
ck_7f3685aa2933b251,0.08984505927891939
ck_06aee5a62a67a84c,0.07200556813514206
ck_3428910b44b9d08f,0.04318444997882963
ck_c3ba7534cefc1de8,0.0005016422012944315
ck_1f1273a67cbad5e5,0.6305192764235543
ck_124565a11b2f8bb8,0.017183715111547353
ck_38e46bc861e0165b,0.01150888651602969
ck_c8ad3f01319c065e,0.021726345332678934
ck_3f94a34f5038f7c1,0.7152689549230115
ck_cee56be5a502fbd1,0.1516308069732593
ck_2b90b76cf4d162f9,0.010180950721336136
ck_884b2e463ff1d54f,0.0023987378077482305
ck_fab4f2f8531b4827,0.0187842108285289
ck_4fc6256e0e60a926,0.0014905657740056008
ck_0a2f8b2f8a5b6f02,0.0032723848526032646
ck_9c0deab8a8367c5e,0.002537416846884591
ck_d3a2a4c011fa2554,0.0029083945870770557
ck_4108b4038f762817,0.5910449528633864
ck_4df036e2aa7e1056,0.01901993479425495
ck_ec094eb1cbb3efc5,0.0006286528414062231
ck_09f8f51bfd2492c6,0.005504956948014534
ck_b60fb9a10d6f4489,0.03169321378037245
ck_3638bc3388dbc1bc,0.1897075791759664
ck_7a58e0cc9943c39a,0.0013234981468353195
ck_37dab6a0a536ed49,0.05808216354781933
ck_adc576690df5b33b,0.0021609481726084156
ck_1383b2b1875000f2,0.0019257781448045457
ck_43c1248db37a2eb0,0.002857810785731551
ck_29c11bd68858e923,0.0004775668686488963
ck_9401f9e11f65337d,0.023486123512918428
ck_ce5ed372b1a2ed6b,0.016634913845923638
ck_08b4619490e751a8,0.895395132984648
ck_44b9125526acb05d,0.024510854586186664
ck_ef1a1de20d2124cb,0.03785381112125817
ck_e5e2624b7fc89774,0.023795353649972747
ck_f5100511609b92c0,0.02083942533905906
ck_64f3bb17101b7c42,0.004462420527906152
ck_ea1e5b5128ecba2c,0.004869575347431715
ck_516163fcf04d5e77,0.012095987337821253
ck_7f9a748110d70005,0.0026679868933711633
ck_d263b55f0a681cce,0.06993572273396452
ck_0e962eacf98a813e,0.005160078962094173
ck_0406931800e0e2e6,0.005036452623868804
ck_0e9b982afc88a3a9,0.9872652761562197
ck_8bbb625384edebd7,0.0008256937340677278
ck_5eaeb87bf6207406,0.9669781494046162
ck_cc3318839c4b0745,0.003641955956743117
ck_08a0355d1f1890ef,0.004264770256580685
ck_af7ffd1a822460d3,0.327504360866441
ck_2a09c7aa870edb6b,0.0005833303558082535
ck_bc04f51c23290bcc,0.011400900389592161
ck_d3a8333cb389f4c6,0.011461041636840088
ck_88e3dd3039508332,0.03549700876206895
ck_b8c7771de9b57705,0.0018003384219840372
ck_585ababa02383b50,0.005414106611826917
ck_e988c108754cee9c,0.0025999775263029073
ck_4a691892d9d6cf89,0.009272014442665507
ck_7cdce37d895eefb8,0.006954411725543478
ck_483fb981a1fb4317,0.004247296074174668
ck_c1e5182bd99e0e35,0.037579059657327246
ck_9a1e3ec9a1839939,0.013395679126590017
ck_5c3f13de0dbd5086,0.00912882121055018
ck_f4f6f0caaab70040,0.003077104358631412
ck_791be3378dd7d64c,0.008752882358248731
ck_956dd784525f5886,0.004052074002588191
ck_098167eaf124c279,0.01697759013561879
ck_33ecff7914349ebc,0.01631164659453139
ck_e05d44e46c7174e6,0.01325492784828648
ck_1b2ce474fa6582b4,0.0778000623962488
ck_ab581082e8f72e3d,0.006249735037386379
ck_e63256667aa19070,0.023516977090804015
ck_f568772b6cb3febe,0.026362810519792397
ck_dd89a282375bbab6,0.09528990222567431
ck_a39d0bca345b492d,0.001257920946261147
ck_d12d2924d0f7a64a,0.0025913396800932896
ck_6a548da1728b5823,0.9978919451131155
ck_6d64193681d2a94f,0.013728070908559984
ck_ced6b6dcdc7c201a,0.00452992038980489
ck_d1b0699d26282871,0.011781980147649829
ck_58f757e40a9b8877,0.038997624407477505
ck_3272c2c4a37d5220,0.7354684308716246
ck_d94dfde9e03c9d1a,0.029373585638884897
ck_08a6d4903a7fbaca,0.018356370240511125
ck_6c72a36b05fa0f4c,0.062142298004272095
ck_dbb4bd4eda97255d,0.006875125628004564
ck_94b59bbc824b307a,0.0019957110411833487
ck_0229a07185f15469,0.007392165951931945
ck_11bf1039f8b3025b,0.005915650031845943
ck_36789ca11459131e,0.02166358153607023
ck_8572c5f5c1447c62,0.01018495921705137
ck_9e75c6641939f4fc,0.032248482785103845
ck_b45e47c39d4dc7bf,0.008849026654444371
ck_02903c48b6cfd65d,0.0013386382793707419
ck_b153386f1729de81,0.0029959732315153285
ck_36979996f33498f7,0.3162901521064999
ck_3c02d4dbbf6716b6,0.00879384430043491
ck_66c9a19963957531,0.01686844766595456
ck_bae8dae7cfd8baba,0.0024387161253612982
ck_bba0ccc6cd968680,0.039601035471341126
ck_3267fe3aac05c71e,0.0018156565195446108
ck_40052cac10562cde,0.005175732317666367
ck_d973444855403e2a,0.009578503011360004
ck_012519bb095ad36b,0.9948037657099084
ck_ad7c256ea10c4a00,0.18248726034495072
ck_70a60e095e9b706f,0.0011942600239619743
ck_f2734417c0db4ee3,0.006678757575738426
ck_9cb89cc3178e0172,0.011868672076957814
ck_779cc0f2de4d5488,0.10657050976717289
ck_35f8656bf93e3b3d,0.006175585405287541
ck_bdd8eba728800e29,0.018427810470723643
ck_002cf760d173f0f8,0.005255543028280537
ck_b046067c6ca3831e,0.0025889944682581873
ck_a4a42d4bff8af645,0.004100897056144063
ck_bce253d2396681a1,0.006442871570969395
ck_00dafc060c8de32a,0.002791357257886381
ck_968a99e097ee78c9,0.1658004131492051
ck_66949171b387bb93,0.017473908565169075
ck_ad305286702b1958,0.0014605594770189063
ck_4732da7e0d2dfc7c,0.0009617551080525205
ck_17a95bba77217d85,0.021726345332678934
ck_3e2516a3e35067e0,0.007828999464243173
ck_0b615ed566da1f58,0.009186803787320496
ck_d2b3ce1ebabe9f93,0.047206219127613226
ck_a892252e4e0c2828,0.007376162623619597
ck_cf606fd6ebfdf9bc,0.0003773914252847843
ck_718865237134ebe8,0.0016291179035311885
ck_878522cb775b904c,0.015052953996699696
ck_9ed53de6ef779ae0,0.0010902861768449118
ck_3f16e2cd7e6874cc,0.02262175346976393
ck_3c59df37895ead2d,0.0020771850113319727
ck_6821459b626d492c,0.0010236754797387977
ck_11c7667920541587,0.003931206500398457
ck_23a016cf6b98d89c,0.021726345332678934
ck_7137eeb394d200f1,0.006542005629072583
ck_9c4886c5c90ddbdc,0.0009653700566050823
ck_1422a7bf7756294d,0.9841437027666737
ck_7ebc5fa7f0d3b8f2,0.005551261293462741
ck_fcc2059a8d5c41fa,0.383380355496061
ck_00ff7389d6a83e29,0.018162409937621964
ck_03129b41457795d2,0.009486080576724712
ck_38ba64efa7c38250,0.012052339252857994
ck_57a6b56b09bff24e,0.011882548324018027
ck_e3b3c5a80a567418,0.0009800433955969164
ck_fc40a16adfced018,0.0017507646045299902
ck_9d4b5e6b43bad4d8,0.018815245765923336
ck_61129937ee466b49,0.025097230680727244
ck_74112e47b8629c2a,0.2761043873954223
ck_b4703ee97f94d7fb,0.003150199545036748
ck_e560f720a988d8a2,0.40240354507618165
ck_708fea345f68037e,0.002133532559518512
ck_25394c1b83e0b803,0.0167674166043428
ck_17ab24fe914ae44b,0.0004672435513180396
ck_16c501470d9bb006,0.001005670762990724
ck_628f449e248c19b7,0.011972036087844265
ck_6d64190623dea714,0.0013549816634749062
ck_504a45ee08db72b6,0.010151382793889586
ck_6cbb011e0c70bc7c,0.002855183687560368
ck_b3225a98acd04f83,0.00269292807468229
ck_aa37993f1c17cd1e,0.008996076933931505
ck_558cfe5f77a55a9d,0.005320207965819201
ck_0d0a1a021efea5b6,0.021726345332678934
ck_daf7aea023b7a8f6,0.012295749914476147
ck_d75f25184ece2b51,0.0011210129326316744
ck_466d4b5366c50b98,0.0009899364410643882
ck_88f27ab479063852,0.022087695905454893
ck_66779098e78c1760,0.0010940196857732829
ck_b150fe4efb449b05,0.004684816548658757
ck_9c3aa9f23d01fa1c,0.0008003295139728578
ck_6a01c375fc26705a,0.0012991024393165431
ck_002eb6552b504ea1,0.0029568432303760397
ck_affa5aa0bff9bb0c,0.013382864950950122
ck_027614eeba8b1a4b,0.006006509336875934
ck_67e075c982add719,0.003489181705886591
ck_399b0d510be98bd2,0.04906953306909518
ck_e9b0bca7368555ef,0.0020203656909747953
ck_59c29d9c57b4f994,0.48665021787883905
ck_37176850ed68831e,0.004480698756128175
ck_a0db4ccca08030c3,0.9093397573545494
ck_aa188e5c25f7f42a,0.006792057444145247
ck_7de6997178207800,0.00032488284729236943
ck_c729d19053387be9,0.03815284821111227
ck_f2d3e3d90608596d,0.5579162713521711
ck_2db3fb565e0211ee,0.0007222981766948581
ck_bed8a480e27e911e,0.016325526167398356
ck_d7ad9921a4d25926,0.06560031149508629
ck_2a59f23fc5194699,0.053089284668155635
ck_63601a58a6120d8a,0.012032911484743293
ck_efd7b9e22c6317d6,0.005721922046705732
ck_9ab42875a0f95b43,0.0339914970201479
ck_85cb5033fca7c846,0.028390494152816994
ck_5249b223000915ec,0.038563193301718306
ck_3efb0e9bf25612c7,0.00207371275041342
ck_678e74532ac19700,0.006175239646893253
ck_a980b296c95153f9,0.013535426740357856
ck_01ac687ce0d696a7,0.019584661245217107
ck_52e1418cf1aa9871,0.00971080974490895
ck_7d28da4f1dab09ee,0.019587437784318092
ck_010d0c2e6c1657fd,0.08765263133833624
ck_b524f7a2e752b9d0,0.0011458330288097443
ck_cc447fcc24a0772b,0.5259846870430989
ck_2cb3c99845e572da,0.003249214639143766
ck_604c710141327a81,0.002855715426423045
ck_8d5fa65717d2e0c6,0.010354456728968522
ck_31199510b40602a1,0.015075900843872548
ck_49e253ea12f4e922,0.0046371191701398695
ck_780738e0d71e7e43,0.00222212409443049
ck_2cd21137a07fdd7d,0.00700753062627179
ck_5e021f2a3b66e256,0.031149122845432798
ck_efbc79246e32c66a,0.020692619607979336
ck_9951bd806c13c7fd,0.08267046924641416
ck_7a52674e2806d8f5,0.06319994297306039
ck_1a319e509f1efa1a,0.0014948461773676167
ck_c920901b9a4ba993,0.9427103169455848
ck_b71279e807d0b3a7,0.008616774649476366
ck_47e1032f490bb018,0.011934664258419792
ck_192579ecdca7ff83,0.016254362319761972
ck_b1496c474c4a3239,0.0011692007137952755
ck_5e68ea2c5e893cf0,0.02407607613445772
ck_f2ecab85d4693b4e,0.009785925282196404
ck_89d7bfc81c3df597,0.0039587071686175744
ck_7929284327667791,0.050780068568627657
ck_494ec63c5ce8e150,0.011007328086220281
ck_319b059bb2145586,0.02817834620098792
ck_ccb3767c239018c1,0.0016147740400444307
ck_a1c7adfe26e09a8c,0.024804027197254032
ck_0e13c4f73818149b,0.011356780169539539
ck_c285a51ed6214f52,0.018613810301126445
ck_916784595f028226,0.15455305706515138
ck_6cd8e0196365c474,0.007335110630065171
ck_57b657aba4daffde,0.02939089390650636
ck_562c76a3753fc7da,0.5324628659340859
ck_66cfc1ebc9a513c8,0.009114223165047989
ck_0f38d4aed68d7d24,0.00605775224203472
ck_d8ddf5e99f7859e4,0.011423083417212328
ck_41bc3efa0fca700e,0.06973550245699477
ck_40799e129fcf42c5,0.09668796468100901
ck_786f079389126e44,0.0064047000181840395
ck_bb4c6b713eb0b978,0.017000160658375316
ck_4f01f7eac0efaba5,0.008568788017467943
ck_47d29c01b20cf69f,0.009895316343289587
ck_bf15a1f8d67a30d3,0.008755808969745387
ck_bfecad7586f65e4d,0.015427319291957679
ck_fc9f16df35190eb4,0.645833966923995
ck_c09c914e416edd08,0.0019751092568985646
ck_c54c5d8e4433b0f2,0.004945559421564757
ck_1694c28f44480e98,0.004267824452548708
ck_1dcaa3078dbb7571,0.005325490933671012
ck_af559f990c640e41,0.007436253478878539
ck_9b436162039a77d0,0.02935078490241147
ck_79d62ef181bd0cd8,0.05112976060459997
ck_23caafc2cd34242c,0.004503447118226621
ck_ffe2aa26f597e552,0.02158544418618009
ck_e6ffd0754ac08661,0.0010811499077468232
ck_beaacb4a783db21f,0.00468684983692652
ck_9863bff41d24ce9b,0.0013574961928303395
ck_323b9cc5c49f8ea0,0.03527114996169233
ck_ab3de3d3e41c2082,0.007246624784450529
ck_35c93b2924900376,0.002256556465093191
ck_5a9d5f9901e37e31,0.02904397502970107
ck_782b0be796164335,0.002210219075056191
ck_11960b5f1c7a5e2c,0.003721567027298034
ck_9a66cb13a9884cc2,0.010041121160580474
ck_ba666a425930615a,0.0010903270824174534
ck_40140bef4db73741,0.006496720251363049
ck_e05e91cc180063d4,0.018401884089565265
ck_c7f6f45710bc050f,0.014844412675352423
ck_055fb9f2e1c8c934,0.05669050666058638
ck_58bb02d98e2b9cd5,0.014128139362241604
ck_d9f8efa6a7800f76,0.002202669596919221
ck_69691226c68fd50b,0.04657785260789144
ck_6f2f0396e5b1c538,0.9974122657399177
ck_78bc3f1d0f35ea6c,0.012044802594157557
ck_2d5a6b6636a2596b,0.0013190862704346225
ck_7878545739af0a73,0.0006983970571784513
ck_03c4fa4f3ed3512e,0.00079771450666084
ck_1a9e51d092d62c84,0.23360605014810987
ck_9f3861940d8d873c,0.0009349675523595667
ck_4684fdd61c6a0fac,0.006470873659201505
ck_715966f86d5c913d,0.0012804069773874951
ck_77f293d44b4a3d2e,0.11465540214237353
ck_24dae044dc05f849,0.030447508949902793
ck_00b9818e2064405e,0.018819547345608013
ck_c1c2cb49c3c1b0f5,0.2179094777633416
ck_bed50fc64fbbf8ec,0.006836306240141327
ck_4f6ed5ea5ab7c429,0.0016375577279203462
ck_458531c22ec2f9b3,0.007797225819635454
ck_51c50c4c443df31a,0.8203282411882815
ck_732d45bd578dc39d,0.002755188833168772
ck_783fe5bc20cd02db,0.03323280549663917
ck_7f188aaa63d1d442,0.010221053845938683
ck_ef307a6aee38d1fe,0.5034298512683383
ck_e37196b20968b73c,0.02939089390650636
ck_4ef9de711c3d93b1,0.005079817845683915
ck_17946516d5df71d7,0.0006956039081937367
ck_3534be0f4efd313c,0.11398218049989615
ck_29fbabf855cabdff,0.002012118332875111
ck_191673540d8486af,0.03184884431229339
ck_5f52728d777ff2c5,0.01035897611719754
ck_a045a19369016818,0.9990978898003603
ck_4eadbe7298b15e96,0.011147999099598356
ck_a3a0bd59729fe619,0.01339257459025974
ck_a1e77090b1c6ccf4,0.000585052293338506
ck_69ab9d4784eb77bd,0.03205575281123401
ck_baa47383ffd50f04,0.002721137809102234
ck_e35b2ed08b9e55a7,0.011895056741929717
ck_b6e3af0a5119d9a0,0.036917674855631556
ck_a7c1dabf3869772f,0.03230324512565274
ck_80b8fca67a14e0be,0.3355595787713289
ck_dd9c5f0c42878e67,0.0018966216103954803
ck_41ef7967faf5ce82,0.002611435953974214
ck_a93560aa348d6225,0.03308390943908696
ck_ffe91d6f0bd93fc6,0.009594287347070412
ck_fbf630c960194033,0.003329155564315599
ck_497ed60723283c0b,0.00464241148528123
ck_2a46b7ca55239413,0.004196468301999555
ck_1a4e5ace078dd782,0.014738359689884167
ck_616cc31910f5de50,0.019794434027048734
ck_0d65bc749eb42710,0.0221649903816501
ck_2408db62e4395ccd,0.0029159108526432215
ck_5d7721930106dce8,0.0038893159852411443
ck_e8a6acea22b20312,0.057959413182448356
ck_e2f792fae128b18e,0.20211390387545128
ck_e6d3ce445b86003f,0.0014945182049820498
ck_263334d722ecbc97,0.4644251329123662
ck_8c5b29f6666d4874,0.010180950721336136
ck_7ea0bf310fc20c7b,0.936363087359741
ck_54d463f7fd89ec3d,0.029742149080931982
ck_79e45040dbdd6447,0.05543011807386741
ck_60b4d59953505682,0.34838477484950536
ck_fb00dd5021642507,0.009329736158532491
ck_f409ff994a210601,0.05748613336156356
ck_2ca0020038bfec58,0.6555363751044102
ck_adf84b9df54c3d80,0.037560786100831196
ck_942dbf632591b65d,0.007038007073371939
ck_454a7e4d859a3409,0.0026708987225838253
ck_2139062d4569aa07,0.005618188757818421
ck_e949a0f4df0b3902,0.02128338740030168
ck_bb113e3e6716ed65,0.015176747409264512
ck_6a28ea6ce69cb869,0.055727681815918716
ck_7df9910af2bba21b,0.0018117169507614421
ck_78aa4b731cbfe251,0.04025769795435422
ck_5839f5cbd8165b1e,0.01396269075956559
ck_7158ad9e58769ffa,0.12305362506947704
ck_acee218cbe61df69,0.03732146961638707
ck_f8dc8473c2772729,0.15474689953186008
ck_f34c93a8173555b1,0.019524678630223682
ck_7cf301d075e4e709,0.0007066118989754556
ck_b87e88ee5512ea17,0.0009804878417866898
ck_bed0c020b10afa3b,0.01721181977487457
ck_ca10102961f99eb4,0.011434143815259232
ck_393287947b5c8d79,0.010713373841814899
ck_2fe6cac002142f67,0.02114892186229635
ck_79c7f0d29b1db1cd,0.04676634830408133
ck_c735b643d3cbf67b,0.003094894920458448
ck_ea4332c8fe48e2a3,0.003281010716595136
ck_d39864119cdd460f,0.0009711158827042572
ck_3b963d6be2773861,0.0007004710164342325
ck_df39e3b8a9fd0bfd,0.5407712275873964
ck_6236a461dc0d11a3,0.0010737074813870018
ck_475ebccca25e30d1,0.0025084439390249897
ck_c10c8bcf5bcd516e,0.03510593709174605
ck_49ccc3716a564256,0.016982363502438393
ck_4e4f99102f6938cf,0.0016501667740408236
ck_a97b481ade6f7972,0.019581516596552884
ck_3fa559c679751b3a,0.008019108785112757
ck_3eba1fd2c7acc4c0,0.281542775940225
ck_18c179b4afc4fccc,0.008152125395876095
ck_cc1c0b93d05b7d20,0.008329313082767348
ck_742f7c28ddd019e8,0.004905606223635494
ck_04470bc93b8a0d71,0.0037452605760546617
ck_6e8f8ef7a03cc6bf,0.006275818899743962
ck_eb1ddfc353b4da83,0.00044679594258868597
ck_98831b57c7ca2e4f,0.0005423683255675756
ck_a6c7b8d6e8596d4f,0.002521589617590641
ck_cd7d24e3b095e96e,0.061277141108689655
ck_3f5ae4673a9f858e,0.003569812239100569
ck_05f375fc8ae0afb0,0.006040722328999736
ck_1fc98436281ee39e,0.001446934140842253
ck_6c48c58678f64bae,0.002249571625129556
ck_8c95aeec6a4c75b0,0.0028803404840635205
ck_364cde38958b7af3,0.12165031816900915
ck_85bf21aa1a00452f,0.0015659252681778227
ck_796d3eaabc667c23,0.9986690191054245
ck_ac449ee0c315edde,0.0007191117750604944
ck_6f9fd15ac6b163de,0.0017393504967925686
ck_4087065be2a45ad7,0.1375474781967955
ck_ecf006bbc78ee3eb,0.4809284133557691
ck_8ca808cc5a49cb5c,0.0026739111996087724
ck_94b90ab8b2dfb50f,0.010180950721336136
ck_59fd11b3232de9dc,0.8118939066362748
ck_67f3794d93e2dd67,0.08557267434093158
ck_b7f5acf5df1bb13e,0.010180950721336136
ck_fb04ecbaebb774bd,0.010453566015390776
ck_68ef3e7301c621b7,0.03626792608924878
ck_41406cfa209b6bda,0.003132473322341322
ck_b0f8f5408662337b,0.003919820701677305
ck_0d2901bfe585c391,0.2847871449427981
ck_3398551e81dbf3db,0.03749434000184769
ck_61c3e3e277629646,0.00824018359806201
ck_2825e34dd3e7ea2a,0.002105013290442608
ck_20d7571ba830009d,0.00537358038891549
ck_c98b16f9a72a6568,0.0006279809194915356
ck_e7c8a9e4641eb9ed,0.002944885385512235
ck_254a7c97c36dab8d,0.005122681001804874
ck_e98429675b46272b,0.0010816640568015806
ck_c2fc0ac460786d02,0.049997386512964904
ck_fba15647b3a140d9,0.00714069073102566
ck_15ce50f2704227be,0.012933620026295011
ck_8c748aaa4a4554f9,0.014462114186403526
ck_e00e82a9419ff086,0.012663706874233729
ck_832341c98254bd84,0.0631792600723425
ck_27466468d06db4eb,0.1158299054893785
ck_9d7b9e3ff1f3e71e,0.008949672229130772
ck_42c6973d3a6fe983,0.0016831134973427219
ck_877c85bad118bc62,0.0215556801834317
ck_75d2a2715259c4d7,0.052812999141444356
ck_37d3e5c681a2214d,0.5678460786727509
ck_bf285dd49f372de4,0.021016633012886216
ck_a5bdd026fa9c50fd,0.008870667931838952
ck_88d9244a9cf7a77e,0.5221545936765528
ck_5881b174e49b04ee,0.0014866922993694348
ck_5b16d67c5ea89930,0.03391358078366221
ck_b75b936aafac56b9,0.013004303484935649
ck_aed2681e1646a0df,0.06861725521573742
ck_f63cb5e8cc702bad,0.00563810820534776
ck_1805fcfc4a9e4ffa,0.5880986932721952
ck_25c355da356c730d,0.01183032600550007
ck_70396398e4a96449,0.0029959713475864805
ck_0f743bd13373748e,0.010180950721336136
ck_4b387765f0e916cd,0.0021565227403947413
ck_e971faae8a10a260,0.001608180977188313
ck_9eb08369e983abfa,0.0011118243802812503
ck_c30c5844512e429f,0.03624284731758951
ck_59e77e3a81f1fa0d,0.010391139472129043
ck_ca4465f2b5c1a52e,0.9913558279804056
ck_c89b9ca398402f1e,0.0006138916484094813
ck_36e72ef9273e7a95,0.005271518361242577
ck_2bdd8616870e5e1c,0.0013744344911240363
ck_216e87a41de22b5d,0.03122385719105349
ck_60f4fb44f5efe3a0,0.002387363358718045
ck_05652e8ace6ce6cb,0.0016808994695959164
ck_8c136dc691e65695,0.0005826178265363112
ck_a08f8dfadbdca112,0.0033775854349248225
ck_bda4041a3e90d860,0.03251610822032342
ck_15dd3ecaa8ce0245,0.4829774073295194
ck_3e3c64b3b7876ce6,0.031249764146812846
ck_46225858a38b2e57,0.003270788358882715
ck_0cb9f54928f4feee,0.01215796845107019
ck_152671fbf8a9a78e,0.0613106258481053
ck_ee7a515e87d17d4e,0.028496486772867216
ck_f7276091bf513d22,0.00041378394169436613
ck_4f05daf1cf0d5755,0.0030791189428543025
ck_83a69c4a5d55ef19,0.010849310825596167
ck_c50fed2a7c9198c0,0.004815584341404099
ck_70d19d5650ddc8f5,0.013637228017488994
ck_4b4d99e443618904,0.014649410255179162
ck_dca0b6ca93311ca2,0.08480793464024018
ck_b7431d4706461ec6,0.003988382141844755
ck_7b59d22cadef3b05,0.05743152133326489
ck_53428573abcd606f,0.02408216329068381
ck_f538ab6aecf2adfd,0.0005170453587432622
ck_d321249fb065d2fa,0.08215757447765902
ck_72fdfc7e6d8e1436,0.0011238684904757044
ck_b52b99dad89ecdfb,0.04560948957626286
ck_d2d4282f9d256b3e,0.00180885361548936
ck_c8f2a1dd8a6141a4,0.0007400754340949455
ck_8d38747058d0aeea,0.3616924761749689
ck_3ac528caac74f563,0.005177457108067256
ck_8dbaaa00ad829ca9,0.009000417958698576
ck_7c38ec898f0fc21d,0.0017587464579648746
ck_8171ef803f5ff604,0.011707072231550925
ck_01a750db6fc1168a,0.07126516736085829
ck_ceb017baa26e98c8,0.07456864921768226
ck_e2c66c72cc0b0f78,0.031204419188617674
ck_8d9518f64b222416,0.001415361357793675
ck_804c5a1fa5753617,0.001780611588694053
ck_fca7cc9c42695453,0.0009793195766474392
ck_3a632cdf2c19051b,0.16881965806512575
ck_b2b63ea65edf1dde,0.022088309999332055
ck_27b07021500ee841,0.03181476440050622
ck_9724718fe64c6557,0.9949004051719645
ck_2786cbc3e75ec034,0.3115651900858328
ck_d9c2622cb6df380b,0.0036264446703376967
ck_ae1da8ee98e402a4,0.004373484864144965
ck_62967b91504149f9,0.0018898832073689041
ck_6b255bf68709109a,0.00680129987300807
ck_c55afc68421d85e2,0.005244037174116921
ck_7c7266f6ef2a8466,0.04316253543407078
ck_885cf685a9541190,0.7538962611808123
ck_1a4bb7d3d2ee3227,0.0032199658874267306
ck_b4911c42f3bff740,0.0005715786349227599
ck_66f9f78d4c6a3edb,0.04597524416451761
ck_49bdba9ee1899dfe,0.0017238994295301442
ck_79b235d51718435d,0.011935400892157463
ck_d840db8cfe2ef6f1,0.0016445393030848812
ck_610c7bcc1cd7ecb0,0.004212520736393802
ck_cf49b6544aff6c50,0.4720620138979442
ck_de05f97c3d40dd1b,0.027395262773929528
ck_0302f67d75973dce,0.010120465176947391
ck_54c2604c9ca6256b,0.018404922840652996
ck_a1c88c0568f142d0,0.032924902332418626
ck_5d72ff6cc2963d1a,0.0014732319550102874
ck_0446920a1004c596,0.0008302065046847241
ck_71044c29ef071570,0.0052279142215454835
ck_2122e9bb1afffef7,0.011335487903516683
ck_d1e3de178601d3c2,0.009247931681265467
ck_bec8324a3587ef04,0.0009755143050808279
ck_b616b6f45225f319,0.012531302790354757
ck_ce1e695884511479,0.03927882692335517
ck_a662b4bf900781e4,0.0008499270518616706
ck_b5a84c5547378c10,0.0019269728533612878
ck_f80af368cfc6cb7e,0.0029727698637725735
ck_da3526ab6c5c884a,0.009034636782082406
ck_bd20be9a3392d79b,0.007247616807559905
ck_b8266dcd90cbfa62,0.0018667620823193548
ck_ac84b33304362c06,0.01375826718433771
ck_794d8935a895e33f,0.03194938910504456
ck_8fea7d915259f1be,0.0008248301466817981
ck_7a1519ad5ff45312,0.0009637059418384998
ck_9bf3ce30b65f75c7,0.022247623161526224
ck_5f864d72d1eead99,0.1719416981897695
ck_3c48e0cfc2a58041,0.38093812798171756
ck_d902183f80cc81fa,0.05865490650059176
ck_539cb0d117db8cd3,0.12564389739781154
ck_28f530aec8e77130,0.02105198697820912
ck_e7d903c50d353361,0.02235087412014249
ck_d288b77d1e227970,0.018366855531947023
ck_017208fcc01b5d40,0.004601829910356518
ck_7e3923d278a5106e,0.01666756033604793
ck_9700a00ff9e66216,0.01114549337403943
ck_5c36c78b7a4d138c,0.01184783479581303
ck_c457e9c9224b773d,0.002856294235847201
ck_1dfa91405d7e66bc,0.006659744637997303
ck_f1d8a2695a575e56,0.0047077849928057105
ck_3b92a46daf8d00d2,0.012138233578057827
ck_aab23b5470469649,0.005002420641391144
ck_ecdd01a391610d99,0.00057710401669455
ck_abd3aa292f8edb4d,0.011682737559881032
ck_7fc9a0776e1339e3,0.0026112990775056513
ck_c0389ebeb0e65cb8,0.0008947881044981114
ck_48d0fc4f6a2109fa,0.992558440809071
ck_571dee4f3336c7ce,0.022210563512451632
ck_4cedf26628c84f26,0.004973311616288423
ck_63356762d24aab81,0.015420103422885221
ck_2c5bc11bb7ae5d2c,0.8878815394479214
ck_6d26a152f900fee8,0.020269618179950693
ck_c972b0e781efed3b,0.001024648479698068
ck_fa0ecbcf9a33d6ce,0.012787073597101555
ck_fa3a766e49dc77ae,0.009396801753893467
ck_7baf1e55db0dc558,0.013304918654314508
ck_e8bc49e6494c1f37,0.001272638611654888
ck_8ef1d05cc1e53e7e,0.025031149428813713
ck_cef2a485a77e0723,0.00118076410825624
ck_228a583f23abff48,0.01910124745294103
ck_ac32c6e374782b27,0.08995348207181289
ck_b9485218cef413f0,0.003985257303026553
ck_7f15503048915d6f,0.0034843970695464348
ck_b62f5144db15ad34,0.11717174359039742
ck_917d82c552f95a23,0.04610483565985258
ck_fb4797045077bc6d,0.00044970765301600833
ck_2cf8a44e041217de,0.005029112675371541
ck_b7dd681eb3d2ee38,0.0011619735059708917
ck_e9e8cacd2fa35e79,0.01315695755140249
ck_342a79f91de5d1fa,0.010180950721336136
ck_2c91f62c05685ed7,0.014162366063799808
ck_e30cb64302939f38,0.02925155916921517
ck_d0e95b90ba86da10,0.004240386029676924
ck_1774faf414a5d49d,0.7969119161808277
ck_2401e8ff89e574fd,0.30472057892595616
ck_0cd8802264e0a1ef,0.022102298576760198
ck_da84a0dfe947fd3c,0.002522396607672802
ck_c8affb27ba7fb5db,0.05861387643237063
ck_bc7ece8787ca7200,0.004519785231617139
ck_469a0578d05990c2,0.0016218580010450183
ck_eef67f8dea702338,0.010774318817836684
ck_4f490e379e9ded9a,0.0009739014596396124
ck_354379de065a8ff8,0.0032623516233697843
ck_5db1cb368bc41ac3,0.0021115026073876306
ck_9b1c3742dd6fcb8b,0.013534315375047344
ck_63ce4f44c92d7143,0.05796408269312753
ck_e15e3390f5ed45f3,0.006144798170563469
ck_da645ea91d66aa6f,0.375934247192028
ck_834ca727df855f07,0.07230820755279628
ck_e1d5ad20c737c745,0.022710326901146913
ck_ff8059ae5fa5f1ee,0.00044147680248860096
ck_8bb9e75393954a1f,0.0016647252129928292
ck_4e1757d1347ab387,0.9984961275974179
ck_af3f74b1d75a5d95,0.007054054558594315
ck_6b1ab0742ff04c3e,0.02728988008923167
ck_f56073911c9f1ab7,0.0005045191941034238
ck_51bd5f69b4fe0b92,0.8551128541504389
ck_fc3d95030b81f416,0.00046689930732182386
ck_cf78169633a1600f,0.0017257892118358784
ck_ad7269eaa65c67f9,0.011363237529832327
ck_cc6d33890d47a6cf,0.011196228705997483
ck_bc8f31f4a2ffa1ae,0.000605566228408086
ck_720776a46e56dfa8,0.008709483250212284
ck_e2d1f212f259539b,0.008616132328454658
ck_eaf6f7082c3db2bf,0.024551893557637657
ck_773efe58c6278c3c,0.03382829408554141
ck_c4a72c09f2fdacc4,0.002733963489092642
ck_8982888dd6611143,0.0012389419629957293
ck_9d5049e195eda029,0.004527748037480253
ck_de58ef6f9fe2b546,0.009357342701872506
ck_c0b50c11e4f5adf7,0.01717190843277607
ck_ddaf228487858bb8,0.04669892780409395
ck_eb2323215ff70362,0.03493156719153726
ck_168c96a1a636ea15,0.015191919444863849
ck_9c46711b14d9eebc,0.0013243290061161815
ck_de8af660806b97b5,0.001574043434083158
ck_6ab83f45bf16eaa6,0.002765791605749515
ck_bf2228a052815840,0.012995099339364309
ck_3f943f20a9da9bff,0.01616973346504822
ck_3baae40454c00938,0.009508572990604331
ck_bc2e771a1d8d2dee,0.20165073944959963
ck_e55f5ca37f30ce8c,0.004445758280320094
ck_4ad5937bef176d89,0.012888549707396698
ck_126531a9126c17c4,0.0012752217139386434
ck_7ec423cb56257516,0.01518684225231609
ck_54748ae0f2daaf10,0.011683280083971948
ck_ff24776280ceeeed,0.005087087462647733
ck_3c3a1a1365741bba,0.0015810193262550986
ck_615277c8a4e2b18b,0.002962031988223414
ck_a96aaef34173aee6,0.07709779818761849
ck_bea56db7f3e930e8,0.002161058233021311
ck_ca491debd3b32a59,0.010880536872779132
ck_d9ea77f4114a389c,0.0025046028652699736
ck_322ffda3332d08a2,0.01946706430664957
ck_c40ffefe4e30b001,0.014316042925898803
ck_3b1d7648d4580bef,0.0012569358491276944
ck_23981a3261674131,0.005894073603638439
ck_11667f5b9fac7bc7,0.002448670554175089
ck_646bb3c7be5f0817,0.0011847867854006568
ck_ebd0a45712dcf07a,0.0032701946363048666
ck_baf43bf1bd963f9f,0.008793603773958252
ck_e0ca2c819658f6b6,0.9960279977287063
ck_f0d6633d0834fff5,0.03798912571218681
ck_91081be0254878a5,0.001551346742190055
ck_1325000bc7f35b5e,0.0013659525603501523
ck_c624b9063400fa3a,0.13036309758179399
ck_0ad6fa0e23c3bd0a,0.03391464316763746
ck_6ddb55b1f23c6cb1,0.012295926938535451
ck_dce1fb3acd65562f,0.004949775425512168
ck_a9aa389688ee5aea,0.005481439601105512
ck_5c5284c45d9ad8bf,0.045717672655601
ck_9ce743dd3e92549c,0.013637376711793698
ck_8342e08cc2f9bcb7,0.0016338303568136535
ck_25e551a0a8d2fcc2,0.02891285933523319
ck_d4fd0e438c97e0c7,0.2181369151567694
ck_ac7fe1c344190c50,0.01040964539879195
ck_ddd65711b5651f89,0.001212820284984902
ck_ec7406cb5cbc8f10,0.001989095547122393
ck_1c65e8d5be3b9c60,0.13300122390342037
ck_38ee42f15a573e81,0.005808709762061913
ck_0e5385c70c6de025,0.0061631005056472605
ck_d3137f0f7629040b,0.002799030218987793
ck_9129c92c12e0c8b4,0.0010650377141652395
ck_c86520a00e50a926,0.02426858327743117
ck_87f82b2b5fee757a,0.06442545652566586
ck_643abfbd7548d0c9,0.0034096378361192325
ck_be51f4e5e6b85768,0.06815736715892763
ck_132c16312f37810f,0.008469362705437857
ck_c78c096ca8cb33ac,0.0012643180290657897
ck_2ce5afbc014763b8,0.013686515676620282
ck_50ed8f4e7ae6710f,0.014586724733360182
ck_5a4eb535c9a11993,0.012588364815218883
ck_9b665ef46d785324,0.007809518294794294
ck_e066f71f8b296b7a,0.0027778723930280804
ck_560bc6017870ab06,0.0033231325860185253
ck_fd78f8a8663646d7,0.004534556905914504
ck_4af5ec61ddbde1a4,0.010180950721336136
ck_c2ed04a9d218410b,0.0019808664204796853
ck_2455d43bbdd2bb69,0.007328913123933297
ck_56eed7041add49a1,0.3840478165860985
ck_5f0be7b468a72333,0.00626336956459737
ck_19660cec756632ca,0.0006022084254181855
ck_fb90408f4892a21f,0.007906305310695702
ck_833a65b86a5d9bda,0.0005354202057011313
ck_2ac36e1dff211d38,0.03164733145585432
ck_c00e70606904539a,0.001591987613884426
ck_ba8affe4b9505a95,0.6122971947350369
ck_0c3dd22587b08018,0.05392379059947848
ck_618c4e5cfae99dcd,0.07789467427886504
ck_c9690baddfc4177e,0.004576919033983229
ck_59fae092fb0c4aa3,0.012096488930770543
ck_e03b7d0fa0b28f4b,0.0009985137035818305
ck_d451d24c780b5884,0.003732234243278379
ck_e980d325b8dbb8dd,0.00034119425120461816
ck_cff18e2d8c520272,0.0014705090646088812
ck_a0e46b67e986ab56,0.07409563992764055
ck_3a469039a5b9d963,0.0032880399206786327
ck_12cbb211ebd2b437,0.02506653353260748
ck_b8cdd6d6dccc4554,0.0012763041570066573
ck_794ba5921cef50c9,0.03511916739684267
ck_2c7667f64edec2b5,0.005453124827532843
ck_7262b4e0c29c942d,0.006514370855653854
ck_5d818522cbfe2a54,0.02157388806580775
ck_de39c1947fb675ee,0.03452964367995625
ck_c021495606b4735e,0.007362078003487778
ck_1fc03ba33edd9e67,0.049065256822744166
ck_a6fe344bbf67f14b,0.002961130393267719
ck_963762210edc5694,0.02328450310106619
ck_d064428b7e7dc409,0.0027645494248716485
ck_59be61b53d971611,0.005910904614967744
ck_ec8738ec663cd2eb,0.014206079335303805
ck_59d086fab5998646,0.019548536612511613
ck_bd32dd3b2cbb7888,0.9987790146769
ck_ce0166addb93bbad,0.000585343183204046
ck_7c0fdfbb447cdc04,0.00787239631798085
ck_cb1bd7635968ed8c,0.08341160222614091
ck_66f94903177f20eb,0.0209451758359085
ck_1d7cd5dcbcdafd7b,0.8350332687259623
ck_5e418a7c04437b4a,0.03729281764198488
ck_631ea1ae91ab333e,0.0042512227500342845
ck_0a8029e79a5ae7ce,0.01806277675766378
ck_c4cca8278bdad9b9,0.002601932078641853
ck_4dec3df58077a257,0.3253246998715289
ck_609c249edd88c565,0.008854807263024445
ck_02e5f9cbbbf2f078,0.02847016429093612
ck_32e486859130458f,0.6697533964079906
ck_21ed2ea6386c5a07,0.0008952181757659938
ck_1242aa4496576a99,0.0018935087734555983
ck_475ea9aa6d3898b7,0.07043762248220518
ck_fe1b1adae3be70a6,0.29161176418253487
ck_c5414d7a8031d4f5,0.0022280750614285124
ck_ca1f6f01868e978f,0.002044070438151907
ck_5eff0208c74ec714,0.00635208404131593
ck_a315c9619a317609,0.029836179090774528
ck_2b87683c90acb852,0.006995191123739284
ck_7cd9f39c50748ed0,0.021726345332678934
ck_16a06d58d71935bc,0.05032667178890781
ck_d116e0e7c19b878e,0.8029293380371829
ck_931510e384b1d0cb,0.005135627188810953
ck_e7651fb87bb24132,0.0009108161687290655
ck_88ef9f85948e1a01,0.016231022159471337
ck_17bf38d51115a8f3,0.003209228301002899
ck_2659d1d3762a2825,0.004968587955911349
ck_a7285955e2852686,0.010138192700491561
ck_f2c33d5b65b321db,0.03962458096602429
ck_83e5979334345622,0.04104735637861813
ck_629537d8b4d0f395,0.004905327716374726
ck_72022008a92c9386,0.01015769899341323
ck_2973b8274f0bf69b,0.021037716397230028
ck_565e3418d2f4061c,0.007814743938504728
ck_54bb53b8f8ea32ae,0.9922929051159665
ck_af0a6540ea7a36b2,0.004830783287264097
ck_888651bfc2c8cf70,0.007520035643379428
ck_1dedcb48ac381a1c,0.06707728980092305
ck_f73273e220296be8,0.05393902204552895
ck_8424bf65223a5a9e,0.001536361564028793
ck_337b930fd149a696,0.07443348648442655
ck_8a4952de8a123ef8,0.008052375593439421
ck_884168153c9c0c81,0.0026844220293529815
ck_fdda581aec411010,0.0007214232396105078
ck_2b7cadbc8b180d32,0.9028504809115402
ck_8aa8b9968233a1ab,0.002867872375537789
ck_0af18b3ce015d294,0.002600125876415262
ck_8dde670a735d1e90,0.1379766839910209
ck_62f46226f244139f,0.18618536137346584
ck_f948e8a8fdd79b4e,0.016005723657882755
ck_fa00aa0f3e859904,0.04039729833631697
ck_fc7935f784a4f249,0.0018405684589882412
ck_e7501307c0698e5b,0.01684889647246852
ck_549ed417f2834cee,0.01351806753203787
ck_fb2a35571ec719d4,0.11576775065214878
ck_25822068c86c856f,0.0005850841142405258
ck_8f35d229b62c8f23,0.0050623573773310995
ck_bdcf049c1e7d0c95,0.00981588727611987
ck_0aa9db36eb16422a,0.0009445641204322373
ck_42dcf92e9e016922,0.026170317699679358
ck_42341cf31c08c981,0.0017903838803941827
ck_0b20bfc515ba42a2,0.0033035851850570035
ck_0ec820b670d48098,0.000509468147524368
ck_1f0bafec397da8e4,0.004367659291641172
ck_82f07504ab59ed33,0.04502726778283408
ck_337b24a474010abb,0.9970893049617416
ck_703703bda38fdcf8,0.0060249010411871804
ck_01e7960c63dca3a4,0.8315462632499455
ck_be5bd81e3715cb8f,0.7734369519891904
ck_197f8058cea1fbea,0.0008580613148115595
ck_eb3fb1106f2f1b21,0.030133317337285234
ck_658b4b54be09a4bc,0.9962852612944567
ck_266ce7ccf41ccc50,0.002485201905223827
ck_110608c3b03d4038,0.22363772383195754
ck_1be8cb95d6d9bbf8,0.0017051997617106155
ck_8e16a64a776afa82,0.16715219920025262
ck_34bd190d37eda534,0.03478639027429499
ck_4f521611ae14ae66,0.003117163916736996
ck_d839798f9520363e,0.01812097769365193
ck_d1bbfd246c0ac9d5,0.005341822326616555
ck_f19030e6e85a6776,0.04308698719735393
ck_cdabe60ab59f9d5a,0.0054647272456225865
ck_bb84b2b30293f566,0.4537438745858965
ck_427b91925952cb40,0.017707269779595938
ck_1078b1e155b5b640,0.0017495868853641876
ck_95fdc264eac72fa0,0.0013722226278096114
ck_e35eb857c61548b2,0.3713004345677053
ck_69bd0b1abea7e1f0,0.33125315574156705
ck_59de511b20c842ba,0.05067640137748605
ck_168e7ea341a36b80,0.0013580454628294972
ck_4937cfa6526ea138,0.0067727989378293715
ck_bb1a981306b750ac,0.09752420795982367
ck_f42a43e4c3f34ccd,0.011256009402090398
ck_c7ae1d4b3ab38185,0.002744892697333547
ck_bd23cf9bba1dd33f,0.17143701448397058
ck_0fd826fad7ec7cd6,0.025829903775029958
ck_f143641bf3dd0414,0.009348986029258653
ck_ad6d48c20a3688a7,0.00046151686487206966
ck_7bda5b5b927b2905,0.08009900436052754
ck_a337eb38eefdcc88,0.05957451542641272
ck_403da2a2d800df9f,0.03164285602870837
ck_aa01d5aafde73d0a,0.0011334610525944732
ck_494954023f0eb309,0.016865516795631447
ck_1c6820fc38135ad9,0.0072110943253845365
ck_0e0bab173622db9b,0.043018935364433145
ck_547090bf35a3b243,0.011155424379790113
ck_d69455220b21dc9b,0.0029217669771544903
ck_90b4ac695b9c6bf7,0.0007314004682564349
ck_8d2afe17c0082e6a,0.07243421178308371
ck_926b81c0ba528eee,0.00551133228911686
ck_ce36b0c287bd198e,0.017432921874649072
ck_8026e017909aaa6c,0.010431887975604534
ck_dfba788f35d4c372,0.0007977583665753511
ck_f09f9d0e0886e0c6,0.009840263633231153
ck_4ffe0366df388604,0.003962737404625976
ck_75bb521de55644c7,0.0013623109448591924
ck_81a960fddf79ecf1,0.9698185710657061
ck_8f43459991ea511f,0.004857867346700361
ck_f878b68d66fbfd4b,0.0025418920775501642
ck_e84abfc0c747c9dd,0.7283079014584202
ck_3ad3fd3cceb56b66,0.8409444752873393
ck_7cf562578c7f158a,0.000759603660674878
ck_f81a97d350397306,0.08112555576678677
ck_255d87b7fb40caa5,0.012626311363301492
ck_b3905153b9eee924,0.010705155546111688
ck_2c80a592fb4cd6a3,0.001511687975473925
ck_57deb202d4188a29,0.004428168245280942
ck_e3cb5f31d8e94448,0.9747265105072144
ck_0db62d5f7f75f80f,0.02402204711229705
ck_ced9163ea85589ea,0.04540245719649404
ck_e16528edc694fb33,0.9342283652577108
ck_78cc5ec4940fec3b,0.0022447190612249956
ck_31742076e9a998f8,0.008764402403197969
ck_5ac335f02280271e,0.004791914752886572
ck_7cc2e091806cfa5b,0.0602536598868276
ck_3152c7115257f084,0.008555512839039355
ck_ab1b9d019921bca7,0.012490569563797512
ck_c33a762d98f9b290,0.0019274956744870688
ck_b16a7c51b6f7a6b1,0.004829939381996732
ck_97402a153348e68f,0.0018922157922156382
ck_95391029a21caa24,0.026276656690985917
ck_c2015a1200971fe9,0.0053499305790650625
ck_ed4427962c68918c,0.9939393408400063
ck_c5e4a17d3efb19a4,0.04006902876458265
ck_8aec3d3dd51517c2,0.0005227297658688067
ck_f5178a658225d8e4,0.000992791732277168
ck_8594f165e95316d2,0.0016080247621327408
ck_f0c4aac04076a6dc,0.006718228090006919
ck_ac2f7397801036ef,0.010016062518220322
ck_d1ea4bcc407c7d5e,0.005068502699275153
ck_cce8b6657a538fe0,0.007158310585337933
ck_66d0c6d6b67a8d58,0.008578214738978436
ck_1a6b30320835e57e,0.04318352134678287
ck_8cd274cc85aa35d1,0.032111701769126935
ck_ada46085a78280e4,0.020251537069419723
ck_ce1b06623e4a815e,0.0008487578615644979
ck_45e70c8a9686580c,0.1606900745840992
ck_0084d8ab6b1044f3,0.0013077315066414707
ck_a5f7b6fed6df2aba,0.022187058381675066
ck_94940d783e7988e6,0.0034096234031139247
ck_00f9ca84d1d8ae7a,0.0018518602321002827
ck_0deb56f3f6452818,0.0014928174262896084
ck_a58e900469dfc3f0,0.010180950721336136
ck_028c41b195280980,0.0026946796517641172
ck_7661d7ceaeb19f97,0.007857778176426524
ck_6957905a65c47879,0.009107273588200378
ck_f7c6c26ef3c4ae06,0.009194292297622532
ck_8777beb11aabd66d,0.02551926764527044
ck_7db098a17374bbf8,0.9428953479452535
ck_66aeb00e44486cda,0.9109777351672836
ck_838c52cc1d315ec3,0.0032298970521316256
ck_1745847cd4e5dc83,0.007703639149814212
ck_201687857ec8b3cc,0.009924746372456944
ck_81818169208a8cda,0.008380930002740703
ck_3303fd3f64632c7c,0.1410049602829806
ck_edf1096809e83ef8,0.0005410325014374471
ck_235ce9603c7dccbf,0.02577200317194791
ck_9df7e153868bca13,0.0067468581151138435
ck_3cfeade2cf270fee,0.003891696819300959
ck_982b0bf2e2b6c4f7,0.0009922944549140362
ck_faeb0da678bb86c0,0.0013265656546581157
ck_e86ad2fe815b6ed9,0.009882352048797418
ck_70d69e5d1bb99e85,0.0076464786053279605
ck_7e9a8924eab779e6,0.9956116884213927
ck_019d5891103e7da3,0.006363976916232793
ck_14f0484b3817eda5,0.0023726164859665826
ck_85de63d278f0fbae,0.000899691107900635
ck_ae91b4cff57fb3bf,0.0052934769100461895
ck_2a6d43b9f883b78e,0.48228173127828006
ck_7a4e3d553e8ab5b7,0.22399028310484845
ck_fdf89dc69f700f84,0.11116596105604819
ck_f92e04024bf13558,0.0006946523062371127
ck_4a522ca2dc4831a0,0.0005300725273988921
ck_68ba25dc3385fea1,0.002939789843892898
ck_22128a4f0d033422,0.03982245109477878
ck_5b52ee0a13c71590,0.0018658834316973446
ck_59472d17debedafc,0.004496200921317994
ck_9dde2c63acda3ba3,0.002575159681017451
ck_7510b1023cd08531,0.0014244236407536925
ck_071ddaaf2e4e3671,0.003061115553261466
ck_1355db6f4010232a,0.0052523233990678245
ck_0a7adc2f27f98510,0.11348767230022054
ck_68250033717cd59e,0.004757342081629303
ck_7c12de74de30b788,0.4544024073351993
ck_65491367584c730c,0.005547764360169463
ck_e9047964952bee70,0.012236444540109486
ck_5567779d6ba184eb,0.024463472224554226
ck_d6ea026357ec6477,0.003990129894308581
ck_cd7dcc884e283746,0.02391954751020247
ck_0bd77fea8ed75a15,0.014272133252833268
ck_e80883208e8d0453,0.015361468132890736
ck_2ad0ecbacd5acf8e,0.956063707672256
ck_6c1dbee7e8fdd5c8,0.006889366326205801
ck_ee4d9a7449515908,0.0010544116698644917
ck_636111f7f030496c,0.0004916844360384159
ck_2c629c657f73941f,0.005830380011090047
ck_c1c9d3842d758420,0.014138863647988836
ck_e4df7faacdfe8c40,0.05519184925377079
ck_94e8142728e44380,0.017041744647250005
ck_765aaf42c5088545,0.00570154011035802
ck_e0f845159b6e6a4a,0.01634828981458716
ck_5bc07deb82edbad7,0.0009867841717206168
ck_713159c5c6a7a4d0,0.9990137329377515
ck_b08afc91d9ca55db,0.021726345332678934
ck_a7bc323ffed2ea97,0.7083168253084616
ck_85ca825f905a34a1,0.01924499463626433
ck_33160c443d4b3f19,0.008314244897084981
ck_832d39c590a3ca75,0.8099904135220942
ck_7d1661a34164406e,0.9814411885054753
ck_c2466fc40fc9d5ed,0.9849925408523468
ck_ed0e776c0926ce67,0.10189748147549209
ck_cdd2ebeec75bfa69,0.06919275543888147
ck_d7877684c7923ec3,0.00818808076883816
ck_7384d4d2406aabf4,0.012241354117303245
ck_b8e5244e650aa81b,0.02326426987247248
ck_25a1ea40b2d59254,0.0008541586730870026
ck_b9e5b318ee4de68d,0.0060510228178123375
ck_620d7ae27af83cea,0.008509659701118532
ck_40b4e264d1a12b83,0.9407868264314672
ck_b694c803b62862b3,0.0030370251598821705
ck_cbeca201dbade3e5,0.05701067597164816
ck_f9b439c9161c3e52,0.0013505911266453498
ck_9880410fcd10a28e,0.0006623137428361561
ck_74928f5f91aa12b2,0.06394884164806389
ck_b6673bbe61d2680d,0.008229339829343709
ck_53c8315b5c30acb4,0.005797544452070008
ck_78f01d78ea79642f,0.003907897413254699
ck_8582490d6e365a63,0.03476133217568483
ck_af25c72d16299258,0.001223985800748654
ck_7905fe8e257b0449,0.30056251585084254
ck_0d16d9349e4a9e08,0.013883366305231697
ck_31b16b8848584e98,0.0063259544739186655
ck_67207e3eecc02d76,0.009278292481739779
ck_e6b95ff91116a592,0.0038141890467461577
ck_c08f622bcd6de6e7,0.017683000775334724
ck_f9a68da9e0f0bc85,0.001360625099907336
ck_4072b59388976896,0.004121117602376705
ck_8ec86e853ad52828,0.04762115168652775
ck_4fecb87eaffd5cb5,0.002865233982972701
ck_d6880578428b965e,0.0849800279685869
ck_bfc82b3c1c9f2897,0.7944727228588677
ck_c340644176ca03e7,0.005625738807033047
ck_321e740066fb05c3,0.4658650578793044
ck_8929d2eb09872052,0.041132236531699964
ck_205c107cec528414,0.43609851808937583
ck_e76db7d2562f9836,0.008534747002485103
ck_9ede51c8434cff6e,0.04447491859134163
ck_492e4b89c61b7b6c,0.008201313702201101
ck_9385f5a1eeebefcd,0.02939089390650636
ck_ee52c7bf88f952ab,0.02661744508086858
ck_d8116c34302021d7,0.0035532780466417295
ck_01645ea51972e99a,0.026755085152966897
ck_7b45ed23304a854b,0.005155473212756265
ck_2096d32f3d497ea1,0.07873373212349623
ck_dfbb2056f1ef7d3b,0.00420264760018653
ck_938ce30c864bc7df,0.0008914075745385614
ck_ff30dda2c881a4bd,0.5113366970614126
ck_f88c79186a082beb,0.00970437260512177
ck_08c7bb0f9851cb76,0.16385556962992356
ck_2675e7a008e584a7,0.004120535769925072
ck_cbaf8a954281d4e3,0.9947695826352086
ck_8b24eadf6c72b30c,0.7544952675717591
ck_ffc8e3c1377d0706,0.002416031191992438
ck_5b59e859bed5b40e,0.021391268083082053
ck_7b61717f172f9317,0.9457316053293018
ck_e5c30947b732f661,0.24849586391837683
ck_bc273f3ce79f7e1a,0.004647932031025753
ck_f69e93388b3028cb,0.21598683399120835
ck_3837ad850996ba60,0.01503682280029037
ck_36d78ff3bc033ee5,0.19384953376818276
ck_5e20953547ba4135,0.18635023324609787
ck_258d661e450ac870,0.007243844105487857
ck_1df66f537496ca59,0.05603147776517666
ck_361f535599110201,0.016795143280092607
ck_337e98c69f6e7886,0.008796582161640313
ck_d3d5b2717cfc3913,0.012390318690162204
ck_b1dba768dbe7affe,0.012260176493297399
ck_92d782bd9ce0d1e3,0.011476107373228643
ck_26bd0f8898afc8ba,0.0019257486830985408
ck_7916e53daab36745,0.06609058226570202
ck_2caf553b31831a50,0.01385015382155104
ck_c6200734c7f9b2f9,0.8828470892033178
ck_cdc55623cb16e6a9,0.0012855927040775253
ck_57849e15b61c43b4,0.008976942618161014
ck_b7af9b2ee0eebbc6,0.004299447432480287
ck_00aa5fc3b3bc66aa,0.012973094798968935
ck_9929723f65636c7f,0.9917597852070076
ck_8f6cce9f69912983,0.005807689257198411
ck_c422ba389ff00781,0.002514540154524405
ck_9ec7f334604a228f,0.012907919071444274
ck_5d01200ba3341462,0.00996987104480928
ck_2bf10be403849c9a,0.0066632878649748005
ck_6ca018259f70858f,0.010291334778104308
ck_a54dc042ebb7c766,0.09363534852253437
ck_79da63fc100830b5,0.03721932117495392
ck_67ab6f9e05c85085,0.011952430519141894
ck_fa80da579ea9afc0,0.009614907607049118
ck_4339f86c87289222,0.8151982397519703
ck_a2299b4f530be0d6,0.4273586522257586
ck_19db0bf788697c2b,0.00991592271524682
ck_fa4211c4d826d830,0.0011074054513365834
ck_96100d5e8e051e91,0.0008862221268731624
ck_5c3a671883d58b3f,0.0010103283997665673
ck_2d9524787cfe1ab3,0.19027324684272684
ck_47ab8e51e5b3a2d8,0.0023327885210753982
ck_c924f36bc1bbbaa3,0.0035243230806304812
ck_5c58e7f8fd55e26c,0.0027939075584572062
ck_a07e7409d6d5aa06,0.009044386200217469
ck_c8413898f5f7cb7d,0.01237234855380753
ck_577c816b41cab002,0.5398422989824342
ck_9f7807ed64cdb728,0.027365690438970813
ck_495d814d6d6d521e,0.0022892373300602465
ck_7aa8bc018c2b003b,0.0012881765210048038
ck_7c3a6a82f3c3241d,0.005181391526689523
ck_487f7fbc290e4ae2,0.0019231225118210332
ck_e556c4d36aadbe03,0.0007410779386010756
ck_7e6569a1b2455cb0,0.0009516457744860664
ck_de2924955926d046,0.0069586512277873
ck_73d60b4630e3937a,0.0008875745990176282
ck_805ee564bd35ef15,0.008138553537524278
ck_0d40961e47797027,0.005697944627666495
ck_f06d00a4f9c87d80,0.0011072394781582733
ck_5ef50fb07b6737d5,0.024486193244975665
ck_16541fc15683e21c,0.002845879104602706
ck_09fd43f1b7e2eca2,0.0036638634929394734
ck_2a2c336a69b8d68d,0.013701046011148622
ck_2685f38930866af0,0.02457963125257279
ck_298278a9da874437,0.002446531133809395
ck_00bd7803f2530c68,0.021732069723628268
ck_c2b4a1d8c0b6c1cd,0.0004914455980596946
ck_2acb54ca20c3af6c,0.009185649098097168
ck_e3d4b6f681c783ab,0.24939664585016558
ck_f90293f1eba5d7b6,0.08801475363429685
ck_e69d27e8965df0be,0.0008947911603297147
ck_b7f5d10b427346ad,0.010319392788766348
ck_1ce20e4223a936b1,0.005778529791073561
ck_6b97d1ab90f6bdeb,0.00826243349990482
ck_e30e17db5473c7b2,0.0013271999629988374
ck_154c8efb19dee665,0.005020312330401559
ck_6f5bb0c930644cae,0.9980646164603384
ck_9e17699baa83d173,0.001659284759400161
ck_9693b1eb70880205,0.007820878711115063
ck_1e97899875bb427b,0.0009736850657547671
ck_558a82590f65df69,0.0008895564419710222
ck_18df83242ff3cdbb,0.04844620734985064
ck_80ad4396e1084c68,0.009154189502584174
ck_0a993bc947bab61f,0.031588127670000875
ck_5c2d43ff841632f9,0.002952243192994168
ck_6e4b99fb9725d9fa,0.011060518434048776
ck_e0983999ca26c19e,0.011301897668817264
ck_6573c4947cc8607e,0.025204241952981144
ck_d879d645d6e44207,0.006522340956967401
ck_1375ad9f10688e4a,0.00047956007510569464
ck_7501ebbf4e21f160,0.004231393287188293
ck_ca60d61cd4dc3bea,0.001942432672421914
ck_ab9ea095a5c58b4b,0.02965684794044343
ck_23756522b58df5d8,0.001848577352253985
ck_90bc176c43d85fd5,0.12955235838337847
ck_908b663b2dda94ad,0.00342859015809822
ck_4df2fb8e4b649e27,0.0012475494446249032
ck_5615c6bbdef05291,0.1674757416106903
ck_b62f3e3185251f71,0.0018342609126556853
ck_38d1a22850178f33,0.0009362956838167943
ck_5b3ba20c8bb1383b,0.012909092736575782
ck_5576ffc6aaf6f22c,0.0021478362738265363
ck_cf7a022178165e56,0.0019215578372739528
ck_f2c7a4c50e2ede96,0.027850664029380662
ck_285719c77eadf915,0.0022753299207130366
ck_f2aa1b677619ab19,0.015860775647855003
ck_3830c58d841e9e69,0.7393111322345157
ck_32eba3510c8eac5e,0.003388287953989923
ck_8955d7b9030d5eb5,0.014215697543173852
ck_6775e387dace7525,0.01785571069344157
ck_0a0cd7f4be606a93,0.15565517106174778
ck_a9f700eee5d638df,0.0052752063030429485
ck_3d7db96995745472,0.05248343692802279
ck_aeed557007d52e9c,0.0008394546809667735
ck_79b6a86830156b5a,0.006415056009881402
ck_6a1ff9d69466181c,0.9991781351806516
ck_f11b1565f986f5e3,0.039532325607243034
ck_4819327a78615485,0.0005633498717481929
ck_3ed9e081959b2f5c,0.005158728217627456
ck_16af4be191c47d3d,0.0003067256317903714
ck_25122cc0e8b1a662,0.029832605090434287
ck_509c22828d467ba3,0.029804658219966168
ck_31109c899336348d,0.001973702262505012
ck_c51131e53baa59c7,0.0004101426594563837
ck_cf8ecabbc61d3e11,0.0030515944166932233
ck_eb6baff0f85ba936,0.01446083588188548
ck_777669e2243204f2,0.8631855158151962
ck_ac0ea27e692acdc9,0.015816338163447984
ck_4c6ea04ce8ca9e2c,0.003739621176979274
ck_ca54b32fca7e94cd,0.0015651283865604523
ck_4dfd8947f540eb24,0.02066034575115026
ck_95aff1fe27fb24bb,0.025229495130826292
ck_c7550723b90e5615,0.0023734399451719786
ck_57b3fee69bdf85e8,0.00102424638544611
ck_f823407ace7ff064,0.1305394828709414
ck_a69084a068bcc8aa,0.07197114676965405
ck_c7b17f7b24bef5d7,0.009392535222379903
ck_7c4e588f927c27c8,0.013135460086200245
ck_77fdac602d0c6f95,0.04869531646083595
ck_e963d8525018d072,0.041071103631684834
ck_6e8ebaea8f7bffaf,0.0005915402419064746
ck_aa42976a31cb7770,0.0039982431514400795
ck_22c862a496008c96,0.9959670773560095
ck_527550dd15f38782,0.05877497537187779
ck_b3ab3c210e2c7c19,0.008534536777999719
ck_ed9c56fdb9f45ddc,0.2635943228217552
ck_b53281da70defcfa,0.021618409939058295
ck_03009b721568ee98,0.0029121190196454805
ck_3d9afd862b3f4053,0.445314943238542
ck_ad3c4be96599554a,0.010018569176227052
ck_d1c787c27d50af49,0.011057967184104433
ck_c7a9c7b2eef46a99,0.006748912498669558
ck_53036d3c6c74446c,0.15248058581066276
ck_1b1efbd9c0964c8d,0.010950334434680574
ck_d66f42a269d5c1ed,0.006829393003789263
ck_fefc49a2b8ad993e,0.006636458828924185
ck_8b3b874249adece9,0.05902392165096745
ck_193d9c87ad3f1dad,0.000523998483441039
ck_0c6a50d747593b7b,0.006803422464939304
ck_c830f3830875b47a,0.0019065650036263618
ck_79e202f06d8dfe42,0.01510627270832631
ck_5c0fe988b8aa7fcb,0.19255268696899674
ck_a8382d8345f21e1e,0.0037176863008544646
ck_8cb20053914692d0,0.026847958984759217
ck_1da2f69023ca4c13,0.0010094553846347384
ck_38abb60995114f8f,0.010261439197769773
ck_f5791fd8fd8fd191,0.04118408741056563
ck_a4e6fc391b674335,0.46204618712313156
ck_bd771efb4a7e15d0,0.012293340429212095
ck_38ba4a6b6a292054,0.06420319430456113
ck_f7a07283345a0dce,0.0010945493153727305
ck_87dc484baaf5a23a,0.0012665838359519747
ck_c84ef83489badbfd,0.023407202419977523
ck_a397cd64ec5d644b,0.001253165527173769
ck_7977135c2ff61e92,0.0061355467861936575
ck_52174855b243a8b0,0.02652463775983989
ck_0f35e930d0614613,0.9345814259513237
ck_b170a7db522a0d6f,0.003912764626311454
ck_7af748a23775bd54,0.18215144550155032
ck_52f641c9ee6fda70,0.0012232446127063798
ck_c3719a30414bbb4d,0.008161727449489885
ck_2baf214ad6bc0dbf,0.09005173512018116
ck_8b39d8aacfdd72b4,0.0023779081397226625
ck_d39b0152116203be,0.007850047499068554
ck_ed33f8a937f9c7c8,0.005277924449799754
ck_8ef97b55a5fd6ec9,0.0006077243635361348
ck_8247f008a14bd1a2,0.0013884744104680814
ck_f0d349d68249d5db,0.0011443964244277898
ck_a544e766540861fc,0.012951401140893291
ck_9dfaca4c7c80b10d,0.02429795850718593
ck_7e5401c362b2216a,0.0008129439226586948
ck_64ff60c073fdb6db,0.016727091494384977
ck_fc5ea49518e5d637,0.0009495780911570684
ck_580f136ced341298,0.0011654510814464052
ck_9cbef9bc95449dca,0.008078869580524343
ck_e475a3b8ba870a7e,0.007626231109432557
ck_97e94708bcf43563,0.01752156148846613
ck_13f03ec785cbdae1,0.0005913366522859464
ck_152820d8817f478c,0.005735062298593468
ck_d20d4ba60eec9945,0.02749060776413503
ck_5c45968a805132e0,0.014126758182384624
ck_bebea2cf3063fb24,0.012194770081683395
ck_c3c69aefe7ea1d2f,0.013538589842103913
ck_02028b72f26fe855,0.008624853420762175
ck_dfadff70a58a9133,0.00128479531525345
ck_6482ed4491bedcaf,0.0027523490497563447
ck_754cd7b4a5ae3f94,0.003730851575939292
ck_3132857aec8485bc,0.0009166011516075715
ck_7ce4ca91b8f9f1c1,0.002147440768760406
ck_41938582f4351772,0.0012375859771872344
ck_f87d66946252476c,0.22459190297137482
ck_8053f1879a9b4e43,0.0005830035831094412
ck_93892e91387f5103,0.007025485068260171
ck_15254db133b28371,0.011669818297028787
ck_d557b9feb241b3ec,0.0006885969477434602
ck_71c3a8e4c12c989f,0.0018871794430692175
ck_80e3041811033443,0.03561599991381864
ck_3380d60067b4634b,0.00442192543875702
ck_a9c2cdc758df8510,0.015014496987764522
ck_3c0031d7514da17b,0.0052025885703371084
ck_18d214b1418be39d,0.010215119614299458
ck_7ce768407fd48321,0.012509511367948364
ck_7a50abd42298133b,0.01586639188589138
ck_2db10f987d137582,0.012146436948416623
ck_e077d004cd1d80ae,0.03277697754946933
ck_1cb6dc67f9a321b5,0.0008253678103337142
ck_b864f64101149c35,0.26767944402356403
ck_9bedf54df9418e4a,0.0018040996545471454
ck_c47e32c47f0e6578,0.36971373479235836
ck_71f382d5e338daa3,0.004997927856801163
ck_14b4bf7be6ac2b61,0.0724178669778756
ck_5c87eea1cc07cc92,0.05937001089300712
ck_5f445182829ef342,0.013904453409917463
ck_a5d7311291caaa54,0.002800878725684942
ck_b7df99aecef385e6,0.014177561694554412
ck_3327a0582407068b,0.010922523031424016
ck_08dba09fd7dab896,0.02181274988529476
ck_f4ec334be5266378,0.0017539968812936724
ck_240f7f894c5a86e7,0.050555193062799306
ck_a9d994554fc14a02,0.0002193005740533942
ck_13648cbd306eee6d,0.013627901624497039
ck_601edf9105b3c321,0.9953092127250683
ck_9527adac182abe57,0.12934357795393364
ck_4e0e80f5cc271bf7,0.0002736279630394794
ck_96a89e720176b389,0.038165068926336344
ck_63560eec94b76d2f,0.021726345332678934
ck_c9c99e5b19aeced8,0.0009730572616580126
ck_bc32655ee5ed643e,0.01590878730541121
ck_edccb5a93b741744,0.00903504892225144
ck_f786cbc987b70930,0.001637520835089364
ck_0e8f26536ccc8947,0.026503004736856826
ck_b87ef4b98cfcec4c,0.01018157695859035
ck_1a9235812de4b2c1,0.011933023096999545
ck_d1ed88ea4211ba4d,0.0006554683394388985
ck_a4ddac49657a4450,0.018938492725392542
ck_d9ffca35188e49d8,0.019086156272486877
ck_3db73bbe03c3d240,0.0009088294099491146
ck_fffa0622344a36ab,0.0034320118541327554
ck_148c28df51bba5e9,0.9687742070113398
ck_076cbc25c8f15fc3,0.9906197636773775
ck_e5ca550b39ed45bf,0.02308200955011538
ck_8dacf3a2061ca17d,0.020089517330271138
ck_2d7394afd61643d0,0.002833537209113881
ck_e42206e91f6a1752,0.0005906740830586732
ck_2f4f94827984c426,0.0009401300664723337
ck_edfe8e90e8f4366e,0.007726755322629275
ck_646b15f753e5e9c6,0.019045749686737203
ck_66600620149c8799,0.012304498791176791
ck_4ff6fc70bccfba96,0.17793569670517126
ck_41af3729590c2484,0.00405227177442719
ck_920a48ba8c583e96,0.0010816640568015806
ck_0253b3e7be021306,0.0029273317475147706
ck_2ae6949246ea2648,0.009381025161391932
ck_db23a5100f338d72,0.0025876896099555533
ck_fcb2a559474c3493,0.00703475408858991
ck_0a4d7acd2a53cbbd,0.003259158670050811
ck_c5d62b2b7a6f3bac,0.9674872069118224
ck_cf59f4fc0ea690b2,0.003923381925548445
ck_837be8126bb19250,0.000684914220819331
ck_58955542edee1adc,0.0014450568024318886
ck_1b93381d8eea58d1,0.014260941317556376
ck_97b8e05d62abdc14,0.009164810804013122
ck_71a0d645744302a3,0.0012127029944192101
ck_a7b57882ab66b111,0.0016224965078811614
ck_65f76421be648549,0.01050629132900627
ck_b53ea8713d32ca7c,0.015084631821485278
ck_991c4c924a1d85ff,0.9246831350679138
ck_8432ccec1a4ec7fd,0.995154790130333
ck_64c1633297f43788,0.003950710295781579
ck_4291fd9c1161d8e1,0.031132948699904343
ck_5e98ed6391d9f429,0.04193534036359173
ck_c7baebe4549fdbb4,0.01580656376148485
ck_6e67225ba59fa5ae,0.03129403488227143
ck_719602def4d35fe0,0.02285855070263224
ck_bdee7c86f5ebe81f,0.017018583261529722
ck_8de38f8c7f91961f,0.08940993237353498
ck_b0b5bf9254700402,0.005245032377973149
ck_7b55d9bb1a250d4f,0.16562454194841547
ck_3954b7b0fd1d6614,0.0005899101509126661
ck_f29471fe7c818d6a,0.001882696049378714
ck_9e65a8a2f587691a,0.007802375319933372
ck_eaec5f1a83b66eb0,0.23904581490073168
ck_004fe0daecbe2c1a,0.07511380117628465
ck_d17653a4a2d4a79e,0.012547229398982247
ck_0dd417fcbf19e424,0.011926485990837201
ck_4c99a6eadea143e2,0.020765815104505057
ck_74d602c907ee9119,0.0010141271428980095
ck_1aa87cb62acc0ac6,0.006472955694007325
ck_094974d75e29fb2f,0.09142409907904997
ck_5ef935ac3d4d3332,0.0053245247194944065
ck_b26e4ae47c9107ed,0.04622652678572259
ck_396cea6f95186ad2,0.021473976746100396
ck_48446a9e8184c7d4,0.0013125790217196405
ck_31e1ede23247d56b,0.10914709204679181
ck_7afefa349b960a3e,0.014849607725972661
ck_f5e02a3432571b20,0.032070161265358554
ck_64eefec062592c43,0.020677361001629507
ck_a1201284122c141f,0.0069473102647019174
ck_1b34c420a4c85a95,0.0075272247147080825
ck_d637a011332ba67a,0.019501254919784414
ck_99c0004d8b7079f8,0.0018459949606385313
ck_948517bad569b40f,0.14405916477217307
ck_a28d6b1601b472a6,0.010180950721336136
ck_a0b4209feb31f5c0,0.9987618973184546
ck_d6d2c1f6dfc455b6,0.0033801531556348196
ck_3f9e6d356d3dd3cf,0.001345106139115131
ck_d08e00c842b75176,0.00913538404322528
ck_bfdd232a7c5f2660,0.021726345332678934
ck_2cdad03ed069438c,0.013445709189765924
ck_42317c3eabd0a285,0.2760820672976839
ck_3eb73e56751c704d,0.02084593208878582
ck_ef33c04f4c9e3758,0.012540829256721602
ck_1dc23dc870f1773d,0.014261129344057585
ck_76091f357974a152,0.01591351115004069
ck_4d9eb75e8eee90fd,0.027294469186422088
ck_578f67e69e5d2cfd,0.002302609528351138
ck_3a8ce1cc724229b8,0.0006473868080493685
ck_a96887f841e80fc1,0.068893575584168
ck_d2d4a8f4a9f2c33f,0.0024464088666049663
ck_11f85bc705dbe036,0.016281529052181967
ck_7429b3f87528e335,0.005292064243881629
ck_26df74feac7ec51d,0.01283971416924653
ck_c78b2638fadd91ab,0.02378414993466103
ck_7eaad325abe3b50c,0.0010907249163744177
ck_fd44e34af620e606,0.05149509570786539
ck_f99738dff854e25f,0.000443336336197278
ck_1ffbce3a239bb264,0.0012211338632228746
ck_96c7d52ba0a766ef,0.03292978634766027
ck_cb1c00c300af3f9e,0.011338942049746871
ck_ec3d12848ced99f2,0.002725143684538615
ck_26cfd7c3c6c7bf69,0.0032577957360974156
ck_7ae86b5a885affc3,0.004809741614459507
ck_3edaa94d28cd48ea,0.0029053521486314517
ck_3209c530c9812e39,0.0058933069477040394
ck_ea62ebfc1f04b49a,0.006116185684716347
ck_5fc90b4668ea81bf,0.010697344141215584
ck_95654593cdebd141,0.0012375841196202932
ck_958c0bd61820147f,0.03265160695791182
ck_8440ef1386c07194,0.0072464923941460814
ck_8cd1b68dd74b1375,0.23282510786094343
ck_c9eb4df91ff07f2c,0.02154134840032521
ck_c29489366c01fe65,0.99620429831245
ck_c965fd6bec0f0ecd,0.01359822299083994
ck_84c402b23766e1f2,0.017808051192255484
ck_181f3dae03b87136,0.031425639728508925
ck_022a8ae79eb28cf6,0.78800786828592
ck_469c17407d17b706,0.020314792473639914
ck_1fcc5843f39148a9,0.005183145539088395
ck_5debd55f361b2ddf,0.0020929165509662524
ck_28cb9b03e89263f1,0.001419580438854963
ck_f067470743d3c7a2,0.02069850979451182
ck_d5d225ce41a1a762,0.011533803463819008
ck_15b4840922195ffd,0.0034772115055762966
ck_6bcfa37c717f19f1,0.012826879081012899
ck_8d501a0386c66be8,0.2932854514074342
ck_1a9d6190c57ea7e2,0.21752668302385092
ck_c49832eabdac5bb7,0.001544498240841446
ck_b4331140b2e0d4aa,0.0017000619546091204
ck_5efbea1befdefe1b,0.21185715628076288
ck_72ff52c4824072ce,0.012412612904552776
ck_ec3715add8bbb6e9,0.0010250733419122225
ck_9822f8ed05335741,0.0034149946511179727
ck_c3d7d3d12a1981a3,0.005583782495357593
ck_a115a7919ac5875a,0.01715866777303004
ck_4dd4ed23e0b927b7,0.5035652517565277
ck_4c76efcc1ee6762d,0.003611590171398529
ck_3ad6e7bf452c9b21,0.047964667207509984
ck_dcbab304b55a42c7,0.006527291034475509
ck_24b53090faf722cf,0.006501603347725363
ck_187317383400491d,0.003639272229086274
ck_e07fd57565c94c28,0.39282195188239644
ck_740e760fdcd27835,0.015123161562839004
ck_d3796aebda1cfed5,0.7714171874413324
ck_e541967c681cb929,0.09554548698817032
ck_431118050b834dcb,0.0007555057306287452
ck_90f3655f0c8a0074,0.0005659969429877004
ck_13cd943777651aac,0.04165351311597429
ck_66accecabf3901c0,0.00838678363564288
ck_937f0da2306b2eb9,0.0018719000419654957
ck_105b0c93573fd5b7,0.6982637316688007
ck_00480407160e0743,0.0017148975375899747
ck_e032068be7b77d15,0.018749014938684912
ck_991b7dfd69098320,0.0007477757815787231
ck_37d47cf0f34574a2,0.0022695267875727327
ck_011551a596544f5d,0.0012755652014880517
ck_9acd98f4fe2d474e,0.3856973789672343
ck_7c88d3d377bb61bb,0.027026047965809718
ck_e2374c7136c964fd,0.047084209972864687
ck_2fa8f2577116e9ca,0.08275336819886701
ck_d07c5b0321c685ea,0.03930954278667542
ck_bc736114a31088a7,0.010953650069402663
ck_32bb42f9bff197f8,0.02434482069524906
ck_66267bbad1f1415f,0.9916706680146323
ck_19988702ccd79201,0.0033445724963156523
ck_f473a03fbcdbc4b0,0.0008800646399191729
ck_e3f1d85fa5d49396,0.004676448207732865
ck_c4402ea6291df271,0.012776935258052017
ck_243bd5ca8c4ae5d0,0.0038904528255438355
ck_f271e855925e8d6b,0.27015682468208213
ck_e424148c6f2223df,0.0015376825144517111
ck_e4d0a9e1102a58b5,0.0034478030887933513
ck_91c2a5fe69b9b1d1,0.00614268658606977
ck_5fd8924732fe403e,0.020861166151578812
ck_9a881d5433126ada,0.006022724851971372
ck_73cab88b29c7845d,0.018847583521960372
ck_5b5dea6476d4e182,0.013282878388037232
ck_ccccb17d2ca6ce94,0.0127269044419179
ck_cd1dc68e441222b1,0.8721348989105804
ck_8312c49b1431a406,0.00242762102486378
ck_25fea39897f2a559,0.006059393759472574
ck_f56200205280bddf,0.04002547088784859
ck_7336611650dcc088,0.0007046743990980333
ck_590716322ff147ae,0.02928825452519573
ck_c82364d87875a1a1,0.014709523794257537
ck_fa4b60387d744fc5,0.007746281282298265
ck_d841eba8906e9a15,0.0011190242064392098
ck_d6df562a79b9d0d9,0.014820053853510585
ck_59a14d2564193101,0.02447767830950233
ck_8530158e3d7f59e7,0.0024681052637516533
ck_ac68d707006c12a8,0.004946406744203744
ck_976fac1bb3dd8c58,0.01574031379984467
ck_f854fba8f4adae3d,0.05503970159489036
ck_b98e9c3ec6e7d1e7,0.004396497066348097
ck_803c0b4cf9d4bc1d,0.011877415678276059
ck_76997a33c3ea5107,0.0009349315945534019
ck_f1a9d832b700bda1,0.9924987503363983
ck_2bd96ddb8c323d63,0.9965466746871448
ck_9e5b7acf51b1b743,0.034144445036863445
ck_09169f22194fd6aa,0.02494163703163714
ck_6d69e092f9b0848b,0.00972781526209643
ck_9f83fa5a2d3b9049,0.004273270864839471
ck_57bbb19eecb4b87c,0.0013405696508973228
ck_e0e9cfabb979f428,0.005702825328498839
ck_b1ff9edc51d42f97,0.0020013725396149265
ck_4682fad271d47eb0,0.9816507464634684
ck_ab33fb754c818ae3,0.03911760500083555
ck_b456f62b80e21557,0.0009160895445919201
ck_16340be3f2a7fffd,0.0012264833010794543
ck_ce66831f6611014c,0.006494453929107408
ck_4610a073bb54d1b1,0.016086260472042764
ck_fd038a7d33a9d6e5,0.0019048543609588462
ck_c8198cb4c461304f,0.06550291717887027
ck_1e7de58822000dea,0.004682677720509294
ck_b2a79dd3df560f14,0.022188888645276936
ck_74a06f347b32347f,0.00826342910004611
ck_c6fdb2972417c9bd,0.025238631438194527
ck_d7607a213b800bfb,0.015829007372622876
ck_df65967b8b40319c,0.0026127434713222614
ck_329a73dbd585ee09,0.0012381510649165837
ck_74991a9e85c3b07d,0.00919519350915467
ck_bb76609b79e0bc9f,0.0010368585120297162
ck_f7fc1bd0b9ab1fa4,0.13082297410488572
ck_d111c98b36bdb791,0.00783534024216655
ck_f07e27d125497b66,0.010526172199276188
ck_093e3a7134e11d6b,0.008193023904048741
ck_862c7953bdea48b0,0.0072732562341808315
ck_392cf2cdd515c34d,0.004216871892945113
ck_80eb91b0b4001084,0.017766500058235036
ck_5923f53b77193a58,0.011143884115350052
ck_8049f5fce32be185,0.8550833615798346
ck_ebc5a2c6cf88e252,0.1248591741308478
ck_9ea5872f14cce338,0.008443871252473013
ck_f7fbc95ebf584379,0.002957225405619405
ck_bafe82c870356706,0.9906544291644921
ck_278b36c5932d9bff,0.0008267467143264855
ck_6a892dd5d05c1649,0.016613901189657953
ck_0734fd90b2cabd43,0.005760025411894996
ck_9b552204498b6762,0.011776149507931584
ck_f6c909c205767956,0.05902350959374811
ck_32f590e87bc3d715,0.00036952320908778806
ck_66a8325f28be7562,0.0010674133154830279
ck_b129261da9c3c3c9,0.005218827776181036
ck_a524071c51ddde20,0.045485117545014955
ck_ba576d6d4cb6130b,0.17762532237306394
ck_8d8226520722af78,0.045369265217869215
ck_c5b0f0d4f1655a20,0.011683214518024915
ck_61814ae9b6d8eab1,0.008332494272596448
ck_382ebf136f7fa337,0.15581438478429596
ck_423ff4ede6a9f066,0.0019786299706022526
ck_546ad962d04b7de4,0.9777674165923675
ck_9473ea4a01c95f9a,0.2403870771354042
ck_9eb1da8cd35a50ce,0.005718739009570724
ck_de5eaa2cdbcb67ff,0.03836856307480674
ck_537cc97d0398c922,0.413491099135697
ck_998475a2e4dfad4e,0.0026624763064867565
ck_e62eb708d2688fae,0.00856816998560988
ck_ea623358f704daa7,0.06296823608932488
ck_b911a09f328dfd4b,0.0029890659543344395
ck_4b3506b624e5193c,0.021505450678949257
ck_448456f96788713b,0.05409244045841159
ck_5d5ef9e75f65d076,0.03866004043707796
ck_3b74512f774a6e5a,0.0011164471490124244
ck_a032e8ac1507c6df,0.630566376267603
ck_7e2d6b22a0ae20c2,0.020185955849989546
ck_d80283209c963f11,0.0017834741230363228
ck_d1157eade2ac3975,0.005024339522092401
ck_be48f583f79427f7,0.01738084232476468
ck_0027b5d4107d65d8,0.20084319764655
ck_94fff69584dd3b2a,0.018373119236947986
ck_75fcda73f0b43557,0.005031369912754931
ck_a1c78972e4ee4082,0.04000651101145131
ck_f0982bbdbd122f91,0.008040258592072257
ck_3199b471575aeb3a,0.006482933390646874
ck_7fa947a0b1c1cf74,0.0194025330009176
ck_a60c618b7f0e4252,0.0032161818389969425
ck_722ac47c8ac9b6c3,0.11925890429668792
ck_d44dc3839a195c8a,0.01767337932136424
ck_a2c3e82fab520483,0.02325262716516752
ck_6f8ae0319c07cafe,0.0004953374653036282
ck_49886ff1e2c759d6,0.10153351958903536
ck_150a1108f936e6b0,0.003190828837839435
ck_e21f9f96f597695b,0.005736918584012241
ck_7297bff2b7fdcbc8,0.0002444149303910214
ck_ee949c71f4f702eb,0.9759098890712066
ck_6fc37dea4b4f35c6,0.07397952519355737
ck_e76257caa98dc25d,0.9957172955270519
ck_828eef2334e17b3a,0.009869297361193009
ck_604e1b8a8c693aa7,0.0015727473688163095
ck_7743c9fe037d1f9e,0.14548957106060417
ck_864a11202e19e812,0.07711897743727943
ck_4ec040b9e3785e4a,0.0013792271912554102
ck_7346e4f820d9c00a,0.8265909930126788
ck_48d4d63beb26b623,0.0020693098085255994
ck_c423aa6de3ed1e01,0.013944741741513916
ck_d74b2ead8aaa3f73,0.00823236448129979
ck_1dd69a11daa7bf1a,0.011312529974152004
ck_d9143e236eef177f,0.0075384684045309005
ck_f790d91e5ff0eccd,0.23297124996885518
ck_69b5620e00ef5dec,0.0024556897580536525
ck_cd32e58e8a1c0e85,0.004657989563858808
ck_064013b0957d87a5,0.9980792275991279
ck_a481385c2e60dc4a,0.01260160981850393
ck_d72035cb29db3aa4,0.019270816310364498
ck_3759939a0205306d,0.023183594755699543
ck_f437a53fc832ec95,0.9439729122870525
ck_260ef2f3e6434819,0.03085560951051101
ck_35e411b05d22f663,0.005727111878939115
ck_8bf46e472f3e20de,0.18655891117597775
ck_d546994fc5d3e9d1,0.005398072405461718
ck_6ff0fc7487e737e7,0.5592416813549368
ck_5c67f27816ae0b6f,0.06209628182542113
ck_c5517923458106ae,0.007093801801619952
ck_d9735647a6b0b0a7,0.5005462940069351
ck_541a734fc457246f,0.08336865599551825
ck_2f6a639468f41043,0.003862184770526642
ck_bea2cf7a6b7bb900,0.0018108823335768838
ck_7eebd0e6ad6c070e,0.010103231286472357
ck_b64c87d5e3b10e6a,0.721574193181458
ck_9dd7daacb7833233,0.007225388317150817
ck_396e9ea9a6c6d7d9,0.004115203760476647
ck_1645e6cc53fa99ff,0.026101726184531188
ck_ea2a83ccb8d57490,0.00043693294802618583
ck_e64f0df63e1be595,0.00663702152424284
ck_fa0b234481cb57d3,0.04172304872207997
ck_63379e3c9fe6f711,0.061157069582120374
ck_c67f7944896a0310,0.015728509888671513
ck_c10e54c9db29e6ef,0.9990163025257375
ck_7184ad7709ae4c80,0.010180950721336136
ck_f8b6069d7577fde6,0.005007283836866855
ck_18444be153bac1ca,0.9103095299787967
ck_d0982b4e0e118e4d,0.002071331964773228
ck_6faf3e6820398866,0.0016513079558723705
ck_97e980463aca4644,0.001601630092136348
ck_630c835243c66b19,0.9874938748070361
ck_fe429ba3e1aa0e4f,0.010180950721336136
ck_1058129ed7b48c59,0.01330342219230383
ck_04a1a46f07885296,0.014428496547054744
ck_f01e94331067edf6,0.006676678947948541
ck_77b2fb17c29f5e72,0.021005853299662702
ck_4f0c5857da45fb28,0.0434469880994143
ck_2cfb9a7775e8a5bc,0.9675724989263166
ck_6846100e43659bf3,0.0011583852955483727
ck_f89719a854fe11d7,0.013413152122799305
ck_bf47375e41ca3bc0,0.00030119868835979665
ck_2770b0400a7bef08,0.11895816467472171
ck_2a09d142de1c77ff,0.004893851271830112
ck_857a1f5547b9ad68,0.0180606788298934
ck_185f15b1523bbcf4,0.0009347385132113876
ck_ab2aed614ec1cdf8,0.013297623421572747
ck_a9e7f3b2d5dfd97b,0.011674964510857535
ck_0eeb3d9b3e697edb,0.008789008811371733
ck_fa5830d81bc8ddc1,0.001777476945362835
ck_231ae0329ebc3220,0.0013832103404851906
ck_1587763dd54688c9,0.004206189801401031
ck_9f85fea4490c00cf,0.004869772966297928
ck_a2d709e7eb91e4af,0.042003626122801965
ck_43637d28c7216453,0.0011815649007089035
ck_f3ab5dd853d38252,0.002161211388312483
ck_4a1f0172d3bf4fd3,0.02630161308994121
ck_517620ca16505af0,0.004802194222568053
ck_9ae904fbef56065c,0.0011596062455541563
ck_d5ef1f6e34bb35b8,0.056536744026460556
ck_ff42557857ae3aeb,0.0011635013487821834
ck_ad9a18f58589faa7,0.0019765611594803325
ck_df1a6edaa3e6b271,0.004016991826158695
ck_99021fe7225b5a68,0.029471790508010857
ck_99e52c3c2530b69e,0.996289534995253
ck_3a4811dc4a1a891d,0.0016416939413324394
ck_ba3a6be026c87079,0.001448273523900426
ck_da6d1e5cf6aba6fd,0.0018221897076024305
ck_ddc7c1f3d45fe6e6,0.01115467528218615
ck_e1b1e7a7e4a15b3e,0.004875715231778724
ck_8288f7f226e08b89,0.004177187397760322
ck_c4524993ec31dbe5,0.009365475173653966
ck_8b19bb5b23b6741c,0.006201007744723148
ck_d21b38231a8a9f4a,0.1336907948804101
ck_3f730318a9792292,0.046346440520902865
ck_a4db6e94a8f77f9d,0.03427768521914502
ck_a8cac8d480306839,0.0015963314529061536
ck_5472214011fbc2a7,0.006215900047935165
ck_7356f47dbbbe7904,0.0021600317467361267
ck_16801e628e883d78,0.005109115738878028
ck_0dc1e536231c4860,0.00914706347440859
ck_7cd0634a6e60af83,0.001919459422862198
ck_ef6f8e048ae1bd4b,0.005251928404225612
ck_82f3f744209888ac,0.0095792803149837
ck_f33188c232a03526,0.22055204742815426
ck_4a59f4e10bf45d7f,0.00039423553486323296
ck_d96c893721385e4e,0.0024657329143880336
ck_f65ab819373edb37,0.003713575115824873
ck_21cac21fc10b7768,0.009712299000829658
ck_139b54e6ccbdd7da,0.07837094816935179
ck_d6f5c8741697abb3,0.016848135555569504
ck_a28d9bb5590d458f,0.041936395753448666
ck_ed26d906883bea0a,0.00835380836935754
ck_227602ad072b838b,0.0006775810502380616
ck_39d5f6c17c745ab1,0.0010102391450763492
ck_744eade757ba69b5,0.05821235942259722
ck_c1295d97cdf35ec2,0.0028721827050828055
ck_69105f881da3c821,0.0019403212068250823
ck_933789b55361d7c1,0.9670241330054371
ck_b667952253503174,0.002317359472980157
ck_7bf668e25abeeb05,0.0024482610858966485
ck_91742711dfdffd56,0.008185156822895704
ck_af32a0660090dd68,0.029342579376548772
ck_2122f201e65f76ee,0.002837600522369038
ck_f48acb73a5d6af07,0.05138443372425666
ck_337c5684510cf432,0.015425231095529322
ck_f7bde7265053364d,0.017853849632198212
ck_c190c7b924edba75,0.023536847325845444
ck_044fa3b3a003f0b5,0.0163776662347765
ck_87eb43e3b9d96169,0.04273415417604009
ck_2d3d6c9364362017,0.002264010279551696
ck_ac55dc6cbcdf8228,0.0029163806358743203
ck_61d7b0568ec5d6cf,0.005237845474078581
ck_89c74feeaffa7d09,0.0015818156314005964
ck_93776b0c113f41f0,0.01376281680947708
ck_15e0b679931f7a8d,0.018853817685656207
ck_77b56c49cfdb1d81,0.12917243406075765
ck_73188a826b5f499f,0.010039944097465454
ck_4f463ef25325ddfa,0.17511963005323278
ck_863db2e394dc47d1,0.9749275847496631
ck_d52432ed597f3cc9,0.0056208329107097265
ck_04fb61e5739642f8,0.030382663616220287
ck_2e481d75d110c06d,0.21037828780134396
ck_3fa1a523d77cd619,0.0391572985157796
ck_466dc6274fecd708,0.0024613083824892843
ck_e1790b3aa2241b10,0.5471665731064757
ck_84ad096a46e1a960,0.003047636613896568
ck_3be72c9c178fa00d,0.029519458743667838
ck_5a17c89219d1d9fe,0.003346860050514713
ck_4f639f4ee6ce8d9e,0.014177637327438947
ck_f4ec4a935e51b4db,0.021708586516195276
ck_f04040a830f92bac,0.006545407827742422
ck_3e4d02a04be2aaf8,0.011109874766989068
ck_4d1baef193cfb900,0.056164461017677796
ck_0fb3153d37626b75,0.0017303032258684462
ck_88ec57a11b11f702,0.9122106206220939
ck_dca9dc465f759db4,0.0019185555124267078
ck_64f5fba6af67e024,0.003904439383508269
ck_896096cb167254ef,0.020166554270260605
ck_7878679065876b98,0.03187504837779605
ck_fe8e5a6c880ceb4e,0.0017000121102136235
ck_a5e036327d3d1862,0.002891297104241074
ck_310f73940fc4cf4f,0.009928687140334845
ck_46a8db16ad00b749,0.0391668327856125
ck_0d33977c3de8cfaf,0.9985336254619701
ck_c6fff412f531db0f,0.0008167192502295631
ck_bac6dadf428eaea9,0.016496829824408064
ck_1b96d9af0d7da2d5,0.0042192220215180425
ck_fa8a4a9e77799fcc,0.0018967801623312145
ck_0bf48607a874b4d1,0.0003933104446386631
ck_eeb75f8a6439f65e,0.014036456399542098
ck_a209a5f7d172125e,0.005616909775094674
ck_8f346b72fb40bf14,0.007825898178721345
ck_bccbf9fef367f00f,0.012579044945677855
ck_2d1548f1ee405cc9,0.00169616546866633
ck_e8298ff2dc1e9d50,0.001733881750264436
ck_77c0fb524edb4a94,0.005435872051658017
ck_28ac4c5134cb8e77,0.014583804555205474
ck_db23a0e3e54be60c,0.7364722921611213
ck_a059d00cee5cee99,0.005664192964754642
ck_3e9e3bba8bd363af,0.0008670837518640274
ck_0428728df24cdab4,0.00246960341139552
ck_88cd35378075c84f,0.004161070812429373
ck_0174d76398d9dc0f,0.015320883805410397
ck_3f1287e6c27de0dc,0.01137933317085177
ck_ff822700f3605e06,0.9933196485127523
ck_4563227b2038ae07,0.023322762315654298
ck_788e78065526ee19,0.0061089271287126205
ck_8a16eb584093b12f,0.0024416743016732385
ck_cc276f71ab6c08fd,0.044198061645666364
ck_d61d97b21002f3e9,0.49052993844535403
ck_4b2e87d86a5e415c,0.02538343207646937
ck_3e6f35e4500d2f2a,0.0006844172237632723
ck_3acdb083e0d8ad61,0.0009777567891822165
ck_cd655202db489010,0.006332049808927577
ck_829cbf5ccda481ae,0.004713770028190514
ck_f5882e6f98b8b4cd,0.0008337038608852747
ck_767947540b234add,0.009083418771313485
ck_a6e8e8f535b1f1d1,0.08269232498350665
ck_58412a2674fea506,0.002989905459636505
ck_fae7e518a585fa61,0.04646637650258884
ck_9c60ae6958d68dbd,0.2749172792040245
ck_328696b8f5e54ec6,0.026329083620313554
ck_7df3f8f4f1068d62,0.0014449338082415902
ck_cfadd21458230ef7,0.0038878416832727352
ck_7048bedd554c703b,0.004008782489901401
ck_50422466f145bfd7,0.0008650703296829026
ck_61e1f7168cd9ff25,0.02205271481993978
ck_733aff0f56f5b3c9,0.012596999177340763
ck_e14892e424180549,0.00041178403976964
ck_03f6664a96de7d0f,0.038898323202779486
ck_b7f4baa2cc82fe61,0.00432413656369505
ck_1e51199a075ca0fa,0.004707220883934756
ck_0e70516fa07cfb17,0.941348216114444
ck_0f37c554a5057801,0.8847087593457509
ck_5576b725de38d106,0.004654585675711446
ck_82f360df1e9f4eb8,0.14353972197653897
ck_395f3bd4aacd7ca6,0.01629970963114515
ck_5e8e857b63966609,0.5300016425339262
ck_93470896f0804b6b,0.9774979581336661
ck_3be854e42e76569a,0.00291868546256239
ck_0567302c57a2417e,0.044974869547751005
ck_ee535461b5f05539,0.30710605865015106
ck_94a096c36162a153,0.009220206449156219
ck_dfc8f5c141fd7c63,0.006513640814266897
ck_98b34f2d704c1c2a,0.027100387062454344
ck_96dff7a09d45f116,0.022587161976713708
ck_79557434c129ba52,0.003624733624660706
ck_4596624a7c01d501,0.003604089403897552
ck_04e89fbd739243fa,0.0007265583643874415
ck_6149ffaf18872dc8,0.002078904313529452
ck_cd78f0832a09bd8f,0.6673804608068182
ck_7e29c10d781c3b41,0.007016446400617686
ck_1f7ee7b23fc6f2f4,0.0014562776697950408
ck_c49b685d2b3ab89a,0.0013947072027975715
ck_84569a8fc50e73ac,0.010783517087159506
ck_b92b11d205af91eb,0.0011134733764436532
ck_06280e6d6d2485b0,0.002028571552347424
ck_3c08546dd0c92863,0.01088257737644813
ck_99d3983f907828bf,0.002811296127209623
ck_eccfd552aa652d3c,0.04663124004553857
ck_0cff8153881875ba,0.008450653373352572
ck_c1aebbeca6ab5ff9,0.0042468638410148645
ck_538fdbbb3c2bcbbb,0.002694165729605414
ck_8c0210322733c718,0.001436942453844499
ck_0b0c93039f987abc,0.020946245744416545
ck_6d07d6d1bd227d37,0.11969610243084901
ck_9b6ee35e8cd0b11c,0.002485012468319089
ck_d838491d3d4f5ecf,0.005371250098404198
ck_0593ae243a9ebee9,0.012333432519997538
ck_ef261fc09be8eb0b,0.0006958679875883478
ck_d0935b571a4a3868,0.01338930550537255
ck_97d04a67a104af39,0.029990421977092913
ck_e25f70d0b7229420,0.04422838972893014
ck_9b71274ff83de482,0.9821188952931964
ck_6de2aa2bb60978d3,0.034793720780008815
ck_eda55c8fb47593d7,0.010618698895892308
ck_924e572517515f19,0.12246127076024674
ck_d6f27eacbad310f4,0.0720032728778529
ck_8550f229b5eb03ab,0.00817345714578806
ck_e3e95546a84d0ed8,0.015643852571114898
ck_3135c019696ee6af,0.8338969758697539
ck_41ba315d8fccb559,0.014163031886545323
ck_72b86e4485da2d0f,0.9905826427985828
ck_daaa995f3c2f0e47,0.013953831448202393
ck_053746067839696b,0.02939089390650636
ck_a15fe7d0f4b65c33,0.8776223627394644
ck_15de11438732bb05,0.007787533721627128
ck_2c4d25acbe3fabd9,0.0009380416783048224
ck_7f08078908599bd2,0.006554920244405617
ck_e794741742fb2619,0.0076674892113212005
ck_238e53b6dee8c301,0.001677283928673938
ck_53a6a33060d5c8b8,0.001701623631435031
ck_0e0919292ad33472,0.9002007870106872
ck_d86ccf148c06c8c8,0.13782577107658098
ck_c881f26c9bf9ae42,0.45912663253076713
ck_4b0947bf94e9d847,0.00802818944456789
ck_e10ff5c38bd18470,0.01910517924539432
ck_b60de9e97aad9e45,0.9148786179417153
ck_190bc849e5ff5401,0.015062535876235201
ck_e7be077aa0b2632c,0.0010673199375880698
ck_a51abde881ebeff3,0.008608379740076435
ck_2208392a9f6bd249,0.030238800017675014
ck_0259da8f109017e9,0.008874720092637591
ck_05e01ab9c95449da,0.018094273956631945
ck_c82897ebffb6ae66,0.004342677636384104
ck_b4a6bb4689cd7cfa,0.011972036087844265
ck_9e21ea33018ce538,0.006946232419359927
ck_caa348f0e65db062,0.9841381401579812
ck_a964e6b5d8415334,0.4512013252280788
ck_510bfbbee37ff436,0.006488612496181685
ck_9741a82faf5c7889,0.04472601596080025
ck_e7f61b4a39ba98ac,0.0006386181830847917
ck_069d158665a53909,0.04331060290246078
ck_6426427efe3228af,0.02487657642944734
ck_ab4a8d02ec3c0fd7,0.00054940865470811
ck_aefa0d8d933e0eca,0.020925870748419624
ck_232325ef6bce92f1,0.004809522710012923
ck_14e58c3fb26a2b4d,0.026485980861972597
ck_06e73afdec26aecc,0.08375161257411307
ck_3168f4f2778d64e1,0.02100584305491945
ck_ff3998d6858daa21,0.002378418356638503
ck_bccff46fb0868454,0.13555979234335427
ck_c7d444d90fa86d7c,0.44242726129893684
ck_f0bc3bdee6bfbb94,0.039634758889004244
ck_f7112818a6d81422,0.002182076420786923
ck_aca35dbcb835ad02,0.026710876999220572
ck_f637fabf0f60528f,0.0034269342737362897
ck_53d17ab97de1ac3e,0.002064745666573471
ck_c8c1bf16d9113493,0.012566201053753355
ck_e842fb0cf055a83b,0.04109753336077706
ck_93c0cb3dac4891fe,0.004102925996861889
ck_0c1f088e17e46daf,0.010180950721336136
ck_8f4b384955bf57c9,0.006066241068372829
ck_09cd5c4df1e81ac2,0.08579275794390459
ck_1e832a5b2342554f,0.1345059539675479
ck_2cb763a881aee27f,0.007096098000779613
ck_5875828b11406398,0.0084506804415846
ck_48e84b0cb0b90fa7,0.010180950721336136
ck_833688de8629c5c0,0.002494650630475291
ck_117d78ccd5820f36,0.004794008855849592
ck_668ec61c4c39cae3,0.0008384538328151331
ck_73a7794b659d7a34,0.009369017940189418
ck_10f90d879209734f,0.010448833892046164
ck_d1d079913aa158bf,0.0022143355616462443
ck_01c631b38e8a9535,0.0018956889537507678
ck_f6923088c17a04e2,0.029414707476623708
ck_b447badc9138987d,0.0019332221786906398
ck_8b772caed8f1541c,0.0008336981557327653
ck_5403c76fe68a08ba,0.6912065755428473
ck_3e6833574edf1736,0.0017606793990696842
ck_e527fbb9450a4581,0.8697818608611395
ck_cc90e219f1ebf390,0.0034254175183773485
